state,abbr,fips,census_region,census_division,year,federal_climate_grants_usd,federal_climate_grants_per_capita_usd,federal_climate_grants_pct_current_gdp,ln_federal_climate_grants_plus1,population_thousand,real_gdp_billion_2017usd,current_gdp_billion_usd,total_energy_trillion_btu,renewable_energy_trillion_btu,renewable_share_pct,co2_total_thousand_metric_tons,co2_per_capita_metric_tons,co2_intensity_mt_per_million_2017usd,ln_cf_pc,ln_grants_total,cf_gdp_0p01pp,real_gdp_pc_2017usd,ln_real_gdp_pc,ln_population,ln_renew_energy,ln_co2_pc,ln_co2_intensity,energy_per_capita_mmbtu,year_c,post2021,base_renew_z,base_co2_z,base_energy_z,exposure_z,co2i_z,renew_share_z,energy_pc_z,l1_ln_cf_pc,l1_ln_co2_intensity,l1_renewable_share_pct,l1_energy_per_capita_mmbtu,l1_co2i_z,l1_renew_share_z,l1_energy_pc_z,ln_cf_pc_l1,ln_cf_pc_l2,ln_cf_pc_lead1,d_ln_cf_pc,d_ln_real_gdp_pc,d_renewable_share_pct,d_ln_renew_energy,d_ln_co2_intensity,d_ln_co2_pc,lead_d_ln_cf_pc,ln_cf_pc_w
Alabama,AL,1,South,East South Central,2017,3033585.0,0.6218911439114391,0.0014004468747619,14.925255976053288,4878.0,216.6155,216.6155,1867.808,229.887,12.307849629083933,108168.0,22.174661746617467,499.35484764479,0.4835928411793411,14.925255976053288,0.14004468747618998,44406.62156621566,10.701143871675118,15.400245857758003,5.437587883845843,3.0989502742627284,6.213316960551885,382.9044690446905,0,0,0.266877673215786,0.44173679776976116,0.2875581877349707,0.2029220481037372,0.9599890359279948,0.23552253969540923,0.28052718868813376,,,,,,,,,,0.5345147811060987,,,,,,,0.05092193992675764,0.4835928411793411
Alabama,AL,1,South,East South Central,2018,3456784.83,0.7066199570727719,0.0015277675129649,15.0558497644246,4892.0,220.8088,226.2638,1912.768,233.969,12.231959129387358,112021.0,22.89881439084219,507.3212661814203,0.5345147811060987,15.055849764424599,0.15277675129649,45136.71300081766,10.717451229838423,15.4031117757892,5.455188627949154,3.1310851358942404,6.2291444640200915,390.99918233851184,1,0,0.266877673215786,0.44173679776976116,0.2875581877349707,0.2029220481037372,0.9856516823906927,0.2256709165419899,0.32509253424710943,0.4835928411793411,6.213316960551885,12.307849629083933,382.9044690446905,0.9599890359279948,0.23552253969540923,0.28052718868813376,0.4835928411793411,,0.5819920617442506,0.05092193992675764,0.01630735816330464,-0.07589049969657502,0.017600744103310362,0.015827503468206494,0.032134861631512024,0.04747728063815182,0.5345147811060987
Alabama,AL,1,South,East South Central,2019,3875356.19,0.7895998757131214,0.001650505067756,15.170148394585963,4908.0,225.2728,234.7982,1883.805,232.118,12.321763664498182,106084.0,21.614506927465364,470.9134880021024,0.5819920617442506,15.170148394585963,0.16505050677560001,45899.103504482475,10.734200864365137,15.40637708481294,5.447245863052305,3.07336470626863,6.154674399867766,383.82334963325184,2,0,0.266877673215786,0.44173679776976116,0.2875581877349707,0.2029220481037372,0.8649062387245785,0.2373287714898047,0.2855860745893712,0.5345147811060987,6.2291444640200915,12.231959129387358,390.99918233851184,0.9856516823906927,0.2256709165419899,0.32509253424710943,0.5345147811060987,0.4835928411793411,0.6236868912300428,0.04747728063815182,0.01674963452671463,0.08980453511082409,-0.007942764896848864,-0.07447006415232504,-0.057720429625610414,0.041694829485792284,0.5819920617442506
Alabama,AL,1,South,East South Central,2020,4357543.0,0.8657943572422014,0.0018475203405424,15.287419153858322,5033.0,223.0255,235.859,1795.052,235.538,13.12151402856296,98168.0,19.504867872044507,440.1649138775611,0.6236868912300428,15.287419153858322,0.18475203405423998,44312.636598450226,10.69902516588638,15.431526785758496,5.46187225925058,2.9706640688800237,6.087149460957917,356.65646731571627,3,0,0.266877673215786,0.44173679776976116,0.2875581877349707,0.2029220481037372,0.7554215914370492,0.34114728942126177,0.1360191345020529,0.5819920617442506,6.154674399867766,12.321763664498182,383.82334963325184,0.8649062387245785,0.2373287714898047,0.2855860745893712,0.5819920617442506,0.5345147811060987,0.5910471303816901,0.041694829485792284,-0.035175698478756345,0.7997503640647778,0.014626396198274882,-0.06752493890984912,-0.10270063738860635,-0.03263976084835274,0.6236868912300428
Alabama,AL,1,South,East South Central,2021,4069686.0,0.8058784158415842,0.0015633097090175,15.219076650284595,5050.0,233.9511,260.325,1927.979,239.815,12.438672827867938,108543.0,21.493663366336637,463.9559292518821,0.5910471303816901,15.219076650284595,0.15633097090175,46326.9504950495,10.743479154855411,15.434898801251542,5.4798677927638835,3.0677581645459027,6.1397895676547645,381.7780198019802,4,0,0.266877673215786,0.44173679776976116,0.2875581877349707,0.2029220481037372,0.8407720354052642,0.25250517730219596,0.2743255360867564,0.6236868912300428,6.087149460957917,13.12151402856296,356.65646731571627,0.7554215914370492,0.34114728942126177,0.1360191345020529,0.6236868912300428,0.5819920617442506,1.1761340595969791,-0.03263976084835274,0.04445398896903008,-0.6828412006950213,0.01799553351330374,0.052640106696847155,0.09709409566587901,0.585086929215289,0.5910471303816901
Alabama,AL,1,South,East South Central,2022,11381706.3,2.2418172739806974,0.0039675028313893,16.24751800177167,5077.0,239.8466,286.8733,1912.683,240.015,12.548603192478836,109576.0,21.58282450265905,456.858675503426,1.1761340595969791,16.24751800177167,0.39675028313892996,47241.796336419146,10.763034295338109,15.440231093929532,5.480701421388948,3.071897836467263,6.124374099093429,376.734882804806,5,1,0.266877673215786,0.44173679776976116,0.2875581877349707,0.2029220481037372,0.8157774605791679,0.26677563973945184,0.24656060670354127,0.5910471303816901,6.1397895676547645,12.438672827867938,381.7780198019802,0.8407720354052642,0.25250517730219596,0.2743255360867564,0.5910471303816901,0.6236868912300428,2.145782634252429,0.585086929215289,0.019555140482697908,0.10993036461089822,0.0008336286250640867,-0.015415468561335466,0.004139671921360222,0.9696485746554497,1.1761340595969791
Alabama,AL,1,South,East South Central,2023,38634395.78,7.548729148104728,0.0124810756280694,17.469653545923933,5118.0,248.3137,309.5438,1866.307,230.116,12.330018587509988,101009.0,19.736029699101213,406.77981118238745,2.145782634252429,17.469653545923933,1.24810756280694,48517.721766314964,10.789684407427867,15.448274295701871,5.438583529608665,2.98244588404459,6.0082720345809975,364.6555295037124,6,1,0.266877673215786,0.44173679776976116,0.2875581877349707,0.2029220481037372,0.6275300695009144,0.23840037321858443,0.1800578740615976,1.1761340595969791,6.124374099093429,12.548603192478836,376.734882804806,0.8157774605791679,0.26677563973945184,0.24656060670354127,1.1761340595969791,0.5910471303816901,2.97834983608849,0.9696485746554497,0.026650112089757982,-0.21858460496884824,-0.04211789178028269,-0.11610206451243155,-0.08945195242267268,0.8325672018360613,2.145782634252429
Alabama,AL,1,South,East South Central,2024,96317599.47,18.655355310865776,0.0296047487636973,18.38316162715052,5163.0,255.6294,325.3451,1906.213,235.474,12.352974195433564,104323.0,20.20588804958357,408.1025109005458,2.97834983608849,18.38316162715052,2.9604748763697297,49511.795467751304,10.80996621244749,15.457028363861786,5.461600503964541,3.0059740495360483,6.011518395052832,369.20646910710826,7,1,0.266877673215786,0.44173679776976116,0.2875581877349707,0.2029220481037372,0.6327937044921507,0.24138032458831987,0.20511301668143211,2.145782634252429,6.0082720345809975,12.330018587509988,364.6555295037124,0.6275300695009144,0.23840037321858443,0.1800578740615976,2.145782634252429,1.1761340595969791,,0.8325672018360613,0.020281805019623178,0.022955607923575982,0.02301697435587613,0.003246360471834464,0.023528165491458086,,2.97834983608849
Alaska,AK,2,West,Pacific,2017,2012349.69,2.7157215789473685,0.0037578260869565,14.514814094218195,741.0,53.5509,53.5509,590.991,13.136,2.222707283190437,33778.0,45.58434547908232,630.7643755753871,1.3125728932111476,14.514814094218197,0.37578260869565,72268.42105263157,11.188142536143403,13.515755904278224,2.575356552710072,3.81956435668178,6.446932378502651,797.5587044534414,0,0,-1.0245921282393184,0.9003944886023627,2.7526600124960803,2.052686197305794,1.338772075915872,-1.0736666504874843,2.5634010370539406,,,,,,,,,,1.4078966391240249,,,,,,,0.09532374591287729,1.3125728932111476
Alaska,AK,2,West,Pacific,2018,2275376.35,3.0873491858887383,0.0041550278477776,14.637656464744458,737.0,52.4796,54.762,594.282,13.694,2.3042932479866463,34573.0,46.91044776119403,658.7893200405491,1.4078966391240249,14.637656464744458,0.41550278477776004,71207.05563093623,11.173347188430505,13.510343171171474,2.616957780698871,3.8482404174066014,6.490403786940371,806.3527815468113,1,0,-1.0245921282393184,0.9003944886023627,2.7526600124960803,2.052686197305794,1.4092564317218086,-1.063075678191954,2.611816721502882,1.3125728932111476,6.446932378502651,2.222707283190437,797.5587044534414,1.338772075915872,-1.0736666504874843,2.5634010370539406,1.3125728932111476,,1.5543787521857446,0.09532374591287729,-0.014795347712897922,0.08158596479620916,0.04160122798879895,0.04347140843772035,0.02867606072482154,0.14648211306171977,1.4078966391240249
Alaska,AK,2,West,Pacific,2019,2739395.0,3.7321457765667576,0.0050218425066361,14.823248016108032,734.0,52.3775,54.5496,596.184,12.952,2.172483662761832,34459.0,46.94686648501362,657.8969977566703,1.5543787521857446,14.823248016108032,0.5021842506636099,71358.99182561308,11.17547863914979,13.506264307596652,2.561250216375334,3.8490164618937004,6.489048380708186,812.2397820163487,2,0,-1.0245921282393184,0.9003944886023627,2.7526600124960803,2.052686197305794,1.4070587818511406,-1.0801863622279686,2.6442275309667624,1.4078966391240249,6.490403786940371,2.3042932479866463,806.3527815468113,1.4092564317218086,-1.063075678191954,2.611816721502882,1.4078966391240249,1.3125728932111476,1.5302184022207146,0.14648211306171977,0.0021314507192844445,-0.13180958522481445,-0.055707564323537184,-0.001355406232184997,0.0007760444870990035,-0.024160349965030026,1.5543787521857446
Alaska,AK,2,West,Pacific,2020,2652863.01,3.619185552523874,0.0051152642701646,14.791150372853965,733.0,50.901300000000006,51.8617,626.805,9.757,1.5566244685348714,36236.0,49.43519781718963,711.8875156430189,1.5302184022207146,14.791150372853963,0.51152642701646,69442.4283765348,11.148253319583002,13.504900980868788,2.277984976125813,3.900662676902527,6.5679199152838,855.1227830832197,3,0,-1.0245921282393184,0.9003944886023627,2.7526600124960803,2.052686197305794,1.534940750845824,-1.160133295261094,2.8803193716264874,1.5543787521857446,6.489048380708186,2.172483662761832,812.2397820163487,1.4070587818511406,-1.0801863622279686,2.6442275309667624,1.5543787521857446,1.4078966391240249,1.5193568938467876,-0.024160349965030026,-0.027225319566786865,-0.6158591942269604,-0.2832652402495208,0.07887153457561347,0.0516462150088266,-0.010861508373926965,1.5302184022207146
Alaska,AK,2,West,Pacific,2021,2623425.0,3.5692857142857144,0.0044192931624075,14.779991655116843,735.0,51.764,59.363,685.32,9.597,1.4003677114340745,39969.0,54.3795918367347,772.1389382582489,1.5193568938467876,14.779991655116845,0.44192931624075,70427.21088435374,11.162334985710862,13.507625778194974,2.2614505496354904,3.995988933415485,6.649164505668898,932.4081632653061,4,0,-1.0245921282393184,0.9003944886023627,2.7526600124960803,2.052686197305794,1.6666703823854807,-1.1804175560353305,3.305813091966213,1.5302184022207146,6.5679199152838,1.5566244685348714,855.1227830832197,1.534940750845824,-1.160133295261094,2.8803193716264874,1.5302184022207146,1.5543787521857446,3.757977547131212,-0.010861508373926965,0.014081666127859549,-0.1562567571007969,-0.016534426490322662,0.08124459038509801,0.09532625651295801,2.238620653284424,1.5193568938467876
Alaska,AK,2,West,Pacific,2022,30726453.0,41.861652588555856,0.0467802732843603,17.240634535323526,734.0,50.5091,65.6825,730.475,10.437,1.4287963311543856,42327.0,57.666212534059945,838.0074085659812,3.757977547131212,17.240634535323526,4.6780273284360305,68813.48773841962,11.139155047417162,13.506264307596652,2.3453571848379147,4.054671430666752,6.731026941213864,995.1975476839237,5,1,-1.0245921282393184,0.9003944886023627,2.7526600124960803,2.052686197305794,1.799401785426135,-1.1767271329998235,3.651499283988224,1.5193568938467876,6.649164505668898,1.4003677114340745,932.4081632653061,1.6666703823854807,-1.1804175560353305,3.305813091966213,1.5193568938467876,1.5302184022207146,3.421136454231088,2.238620653284424,-0.023179938293699465,0.028428619720311188,0.08390663520242425,0.08186243554496642,0.05868249725126695,-0.33684109290012376,3.757977547131212
Alaska,AK,2,West,Pacific,2023,21759069.0,29.604175510204083,0.0318895031267999,16.89554124006809,735.0,54.183800000000005,68.2327,747.53,10.114,1.3529891776918652,43365.0,59.0,800.3314643860341,3.421136454231088,16.89554124006809,3.1889503126799896,73719.45578231293,11.208022029530696,13.507625778194974,2.313920602657791,4.07753744390572,6.6850259723392975,1017.047619047619,6,1,-1.0245921282393184,0.9003944886023627,2.7526600124960803,2.052686197305794,1.7248160111414592,-1.1865679366739608,3.771794586053416,3.757977547131212,6.731026941213864,1.4287963311543856,995.1975476839237,1.799401785426135,-1.1767271329998235,3.651499283988224,3.757977547131212,1.5193568938467876,6.330408948152834,-0.33684109290012376,0.06886698211353348,-0.07580715346252043,-0.03143658218012346,-0.04600096887456662,0.022866013238967753,2.909272493921746,3.421136454231088
Alaska,AK,2,West,Pacific,2024,413004573.93,560.3861247354139,0.5770863942280822,19.838969228176303,737.0,55.9457,71.5672,760.053,9.866,1.2980673716175055,44008.0,59.7123473541384,786.6198832081823,6.330408948152834,19.838969228176303,57.70863942280822,75910.0407055631,11.2373042432452,13.510343171171474,2.2890945028115466,4.089538822365958,6.667745137085032,1031.2795115332428,7,1,-1.0245921282393184,0.9003944886023627,2.7526600124960803,2.052686197305794,1.696796938733662,-1.1936975370654863,3.8501480969880317,3.421136454231088,6.6850259723392975,1.3529891776918652,1017.047619047619,1.7248160111414592,-1.1865679366739608,3.771794586053416,3.421136454231088,3.757977547131212,,2.909272493921746,0.029282213714504124,-0.0549218060743597,-0.02482609984624462,-0.01728083525426527,0.012001378460237966,,5.058846185902059
Arizona,AZ,4,West,Mountain,2017,1746798.49,0.2478431455732122,0.0005244082059687,14.373295808631054,7048.0,333.099,333.099,1466.773,88.295,6.019677209765929,90454.0,12.83399545970488,271.552901689888,0.22141657741141088,14.373295808631054,0.05244082059687,47261.49262202043,10.763451133441915,15.768254446598153,4.480683480865087,2.5520975455574084,5.604156970079767,208.11194665153235,0,0,-0.5383647822066522,-0.3533586275332685,-0.7515759368235888,-0.24862715459011228,-0.027700368538636385,-0.5807681059918521,-0.6817909168242504,,,,,,,,,,0.2815928030459315,,,,,,,0.0601762256345206,0.22141657741141088
Arizona,AZ,4,West,Mountain,2018,2330012.03,0.3252389768285874,0.0006588077704985,14.661384417800924,7164.0,346.3983,353.671,1477.873,92.79,6.278617986795888,94042.0,13.127024008933557,271.4851660646141,0.2815928030459315,14.661384417800924,0.06588077704985,48352.63819095477,10.786276063838661,15.78457904216274,4.530338875365088,2.5746730067929775,5.60390750091859,206.29159687325517,1,0,-0.5383647822066522,-0.3533586275332685,-0.7515759368235888,-0.24862715459011228,-0.028104856770119473,-0.5471540572696526,-0.691812830382208,0.22141657741141088,5.604156970079767,6.019677209765929,208.11194665153235,-0.027700368538636385,-0.5807681059918521,-0.6817909168242504,0.22141657741141088,,0.3042543579310447,0.0601762256345206,0.022824930396746268,0.25894077702995943,0.049655394500001115,-0.00024946916117762896,0.022575461235569083,0.022661554885113233,0.2815928030459315
Arizona,AZ,4,West,Mountain,2019,2593136.0,0.3556138233680746,0.0006908089926732,14.768378897679677,7292.0,359.5767,375.3767,1496.536,92.495,6.180606413744808,92514.0,12.687054306088864,257.2858586220965,0.3042543579310447,14.768378897679675,0.06908089926732,49311.12177729018,10.805904928448154,15.80228841478069,4.527154589003352,2.540582127600854,5.550187757116974,205.22984092155787,2,0,-0.5383647822066522,-0.3533586275332685,-0.7515759368235888,-0.24862715459011228,-0.11520581972468931,-0.5598772978100842,-0.6976583148569708,0.2815928030459315,5.60390750091859,6.278617986795888,206.29159687325517,-0.028104856770119473,-0.5471540572696526,-0.691812830382208,0.2815928030459315,0.22141657741141088,0.3789305469365706,0.022661554885113233,0.019628864609492425,-0.09801157305107999,-0.003184286361736177,-0.05371974380161593,-0.0340908791921235,0.07467618900552586,0.3042543579310447
Arizona,AZ,4,West,Mountain,2020,3311206.0,0.4607215806316961,0.0008479331283328,15.012823333451632,7187.0,366.588,390.5032,1440.291,90.775,6.3025458049796885,80147.0,11.151662724363431,218.6296332667736,0.3789305469365706,15.012823333451632,0.08479331283328,51007.09614581884,10.83972004214147,15.78778439645058,4.5083839173003994,2.411588610049654,5.387379125872458,200.40225406984834,3,0,-0.5383647822066522,-0.3533586275332685,-0.7515759368235888,-0.24862715459011228,-0.3791830384374522,-0.5440478997325061,-0.7242365355367101,0.3042543579310447,5.550187757116974,6.180606413744808,205.22984092155787,-0.11520581972468931,-0.5598772978100842,-0.6976583148569708,0.3042543579310447,0.2815928030459315,0.3467062293587072,0.07467618900552586,0.03381511369331669,0.12193939123488029,-0.018770671702952768,-0.1628086312445154,-0.12899351755120003,-0.03222431757786337,0.3789305469365706
Arizona,AZ,4,West,Mountain,2021,3014354.0,0.4144011547979103,0.0006879950517647,14.918896434908802,7274.0,396.4575,438.136,1483.627,99.186,6.685373075577622,82897.0,11.396343139950508,209.09429131748044,0.3467062293587072,14.918896434908802,0.06879950517647,54503.3681605719,10.906017779853137,15.799816904529072,4.59699687529893,2.4332925267431156,5.342785304854253,203.96301897167996,4,0,-0.5383647822066522,-0.3533586275332685,-0.7515759368235888,-0.24862715459011228,-0.45148726920320986,-0.4943516924620045,-0.7046327876898872,0.3789305469365706,5.387379125872458,6.3025458049796885,200.40225406984834,-0.3791830384374522,-0.5440478997325061,-0.7242365355367101,0.3789305469365706,0.3042543579310447,1.7557535198601846,-0.03222431757786337,0.06629773771166647,0.3828272705979332,0.08861295799853064,-0.044593821018205304,0.02170391669346161,1.4090472905014773,0.3467062293587072
Arizona,AZ,4,West,Mountain,2022,35286140.0,4.787807327001357,0.0072200812649803,17.379000838581227,7370.0,413.7988,488.7222,1513.145,101.676,6.719514653255307,80462.0,10.917503392130255,194.4471564441463,1.7557535198601846,17.379000838581227,0.7220081264980299,56146.377204884666,10.935717438136463,15.812928264165519,4.621791287004327,2.3903673170833017,5.270160436911114,205.31139755766623,5,1,-0.5383647822066522,-0.3533586275332685,-0.7515759368235888,-0.24862715459011228,-0.569240919623739,-0.489919649472585,-0.6972093057890931,0.3467062293587072,5.342785304854253,6.685373075577622,203.96301897167996,-0.45148726920320986,-0.4943516924620045,-0.7046327876898872,0.3467062293587072,0.3789305469365706,1.6469805906197132,1.4090472905014773,0.029699658283325547,0.03414157767768522,0.024794411705396868,-0.07262486794313894,-0.042925209659813834,-0.10877292924047133,1.7557535198601846
Arizona,AZ,4,West,Mountain,2023,31233430.0,4.191281535158347,0.0058919327303081,17.256999585536718,7452.0,427.644,530.105,1531.01,108.851,7.109751079352845,83286.0,11.176328502415458,194.7554507955215,1.6469805906197132,17.256999585536718,0.58919327303081,57386.47342995169,10.957563900006308,15.823993010703616,4.689979974592881,2.413798015081685,5.2717446730396516,205.4495437466452,6,1,-0.5383647822066522,-0.3533586275332685,-0.7515759368235888,-0.24862715459011228,-0.5666722459373452,-0.43926163264543233,-0.6964487436263538,1.7557535198601846,5.270160436911114,6.719514653255307,205.31139755766623,-0.569240919623739,-0.489919649472585,-0.6972093057890931,1.7557535198601846,0.3467062293587072,4.232649783269462,-0.10877292924047133,0.021846461869845513,0.3902364260975384,0.06818868758855423,0.0015842361285374196,0.023430697998383376,2.585669192649749,1.6469805906197132
Arizona,AZ,4,West,Mountain,2024,513049070.85,67.89955940312335,0.089994620283584,20.05588205518792,7556.0,446.9682,570.0885999999999,1568.088,122.459,7.809446918795373,82197.0,10.878374801482266,183.89898878712177,4.232649783269462,20.055882055187922,8.9994620283584,59154.07623080995,10.987900780486209,15.837852507603538,4.807776280084735,2.3867768554064983,5.214386632884564,207.52885124404446,7,1,-0.5383647822066522,-0.3533586275332685,-0.7515759368235888,-0.24862715459011228,-0.6596723270461602,-0.3484315582650646,-0.6850011414962452,1.6469805906197132,5.2717446730396516,7.109751079352845,205.4495437466452,-0.5666722459373452,-0.43926163264543233,-0.6964487436263538,1.6469805906197132,1.7557535198601846,,2.585669192649749,0.030336880479900685,0.6996958394425272,0.11779630549185338,-0.05735804015508794,-0.027021159675186812,,4.232649783269462
Arkansas,AR,5,South,West South Central,2017,2278253.33,0.758406567909454,0.0018390422303051,14.638920062938151,3004.0,123.8826,123.8826,1043.144,103.841,9.954617962620691,63851.0,21.25532623169108,515.4154013557998,0.5644080398225816,14.638920062938153,0.18390422303051,41239.214380825564,10.627144888017959,14.915455291866163,4.642860883109718,3.0566075101611427,6.244973180107458,347.25166444740347,0,0,-0.034469350835156606,0.4977928280636615,0.07560377809536599,0.2667491066786055,1.0113162949889125,-0.06995906423893813,0.08424110672924431,,,,,,,,,,0.6527082122220549,,,,,,,0.0883001723994733,0.5644080398225816
Arkansas,AR,5,South,West South Central,2018,2773255.48,0.920735551128818,0.0021462533258831,14.835532812206848,3012.0,126.3712,129.2138,1102.095,105.007,9.527944505691432,70495.0,23.404714475431607,557.8407105416424,0.6527082122220549,14.835532812206848,0.21462533258830999,41955.909694555114,10.64437457669466,14.918114867901922,4.654027014602066,3.1529374753796775,6.324073456649292,365.9013944223108,1,0,-0.034469350835156606,0.4977928280636615,0.07560377809536599,0.2667491066786055,1.1395691452297823,-0.12534710521955994,0.1869169682137675,0.5644080398225816,6.244973180107458,9.954617962620691,347.25166444740347,1.0113162949889125,-0.06995906423893813,0.08424110672924431,0.5644080398225816,,0.6768430242865913,0.0883001723994733,0.01722968867670005,-0.42667345692925984,0.011166131492348796,0.07910027654183427,0.09632996521853476,0.02413481206453638,0.6527082122220549
Arkansas,AR,5,South,West South Central,2019,2923289.0,0.9676560741476332,0.0022041631417114,14.888220252309273,3021.0,127.22,132.6258,1077.136,106.732,9.908869446383743,64891.00000000001,21.47997351870242,510.069171513913,0.6768430242865913,14.888220252309273,0.22041631417114,42111.883482290636,10.648085247828261,14.921098460368809,4.6703210196240965,3.067121036804821,6.234546346940835,356.5494869248593,2,0,-0.034469350835156606,0.4977928280636615,0.07560377809536599,0.2667491066786055,0.994410272265994,-0.07589784634732419,0.1354301552617117,0.6527082122220549,6.324073456649292,9.527944505691432,365.9013944223108,1.1395691452297823,-0.12534710521955994,0.1869169682137675,0.6527082122220549,0.5644080398225816,0.7587217855469707,0.02413481206453638,0.003710671133601906,0.38092494069231186,0.016294005022030156,-0.0895271097084569,-0.08581643857485632,0.0818787612603794,0.6768430242865913
Arkansas,AR,5,South,West South Central,2020,3422532.0,1.135544790975448,0.0025138707812721,15.045891478172765,3014.0,128.3956,136.14589999999998,1012.039,91.389,9.030185595614398,54541.0,18.09588586595886,424.78869992429645,0.7587217855469707,15.045891478172763,0.25138707812721,42599.734571997345,10.659603301533764,14.918778658168577,4.515125121108039,2.8956846122119018,6.051591868642412,335.77936297279365,3,0,-0.034469350835156606,0.4977928280636615,0.07560377809536599,0.2667491066786055,0.6977686632610713,-0.1899630086981476,0.021080490532623813,0.6768430242865913,6.234546346940835,9.908869446383743,356.5494869248593,0.994410272265994,-0.07589784634732419,0.1354301552617117,0.6768430242865913,0.6527082122220549,0.6918865134416099,0.0818787612603794,0.011518053705502851,-0.8786838507693453,-0.15519589851605708,-0.1829544782984227,-0.1714364245929194,-0.06683527210536078,0.7587217855469707
Arkansas,AR,5,South,West South Central,2021,3019372.73,0.9974802543772712,0.0019573042256734,14.92055999367387,3027.0,137.63479999999998,154.2618,1057.029,89.713,8.487278967748283,61836.0,20.42814667988107,449.27590987163137,0.6918865134416099,14.92055999367387,0.19573042256734,45469.04525933266,10.724787049442964,14.923082588003856,4.496615686100001,3.016913689094506,6.107637197615816,349.2001982160555,4,0,-0.034469350835156606,0.4977928280636615,0.07560377809536599,0.2667491066786055,0.7886403200715836,-0.2604397024426219,0.09496873568672624,0.7587217855469707,6.051591868642412,9.030185595614398,335.77936297279365,0.6977686632610713,-0.1899630086981476,0.021080490532623813,0.7587217855469707,0.6768430242865913,1.6813349796812846,-0.06683527210536078,0.06518374790920056,-0.542906627866115,-0.018509435008038366,0.05604532897340331,0.12122907688260431,0.9894484662396748,0.6918865134416099
Arkansas,AR,5,South,West South Central,2022,13323689.0,4.372723662618969,0.0079372162501079,16.405054211738644,3047.0,138.672,167.8635,1062.321,95.224,8.96376895495806,63372.0,20.798162126681984,456.9920387677397,1.6813349796812846,16.405054211738644,0.79372162501079,45510.994420741714,10.725709211370555,14.929668057967847,4.556232010865578,3.0348646235092245,6.124665970102944,348.64489661962585,5,1,-0.034469350835156606,0.4977928280636615,0.07560377809536599,0.2667491066786055,0.8162506989862824,-0.19858479558159658,0.0919115295033734,0.6918865134416099,6.107637197615816,8.487278967748283,349.2001982160555,0.7886403200715836,-0.2604397024426219,0.09496873568672624,0.6918865134416099,0.7587217855469707,2.4018662645497044,0.9894484662396748,0.0009221619275905368,0.4764899872097761,0.05961632476557721,0.017028772487128307,0.0179509344147184,0.7205312848684198,1.6813349796812846
Arkansas,AR,5,South,West South Central,2023,30834367.0,10.043767752442998,0.0173115131364715,17.244140470008286,3070.0,141.968,178.1148,1054.139,91.678,8.696955524840652,60456.0,19.692508143322478,425.8424433675195,2.4018662645497044,17.244140470008286,1.7311513136471501,46243.64820846906,10.741679397476013,14.93718811956338,4.518282437719753,2.980238266119313,6.054069426607574,343.36775244299673,6,1,-0.034469350835156606,0.4977928280636615,0.07560377809536599,0.2667491066786055,0.701785765154526,-0.23322082217645787,0.06285827644059692,1.6813349796812846,6.124665970102944,8.96376895495806,348.64489661962585,0.8162506989862824,-0.19858479558159658,0.0919115295033734,1.6813349796812846,0.6918865134416099,4.307188449584723,0.7205312848684198,0.01597018610545753,-0.26681343011740744,-0.037949573145825255,-0.0705965434953697,-0.054626357389911284,1.9053221850350188,2.4018662645497044
Arkansas,AR,5,South,West South Central,2024,226724692.1,73.23148969638243,0.1203807866747088,19.23924703367476,3096.0,147.38989999999998,188.3396,1059.524,100.106,9.448205043019318,58415.0,18.867894056847547,396.3297349411324,4.307188449584723,19.23924703367476,12.03807866747088,47606.55684754521,10.770725779631011,14.945621513691755,4.606229624584781,2.937461750441631,5.982246528774893,342.2235142118863,7,1,-0.034469350835156606,0.4977928280636615,0.07560377809536599,0.2667491066786055,0.5853324256427684,-0.13569837632520096,0.05655868678000328,2.4018662645497044,6.054069426607574,8.696955524840652,343.36775244299673,0.701785765154526,-0.23322082217645787,0.06285827644059692,2.4018662645497044,1.6813349796812846,,1.9053221850350188,0.02904638215499844,0.7512495181786658,0.08794718686502812,-0.07182289783268114,-0.04277651567768226,,4.307188449584723
California,CA,6,West,Pacific,2017,10043561.88,0.2553145020082363,0.0003664797497057,16.12244247780281,39338.0,2740.5503,2740.5503,7146.703,724.945,10.14376839222226,352385.0,8.957877878895724,128.581839931929,0.22738614039876018,16.12244247780281,0.03664797497057,69666.74208144797,11.151478324787075,17.487701530791973,6.586095789908037,2.1925333550616544,4.856565588238854,181.67428440693476,0,0,-0.01024737563793465,-0.8523694532659623,-0.9087467164186211,-0.7683317043001635,-1.2398418391932737,-0.04540475560752294,-0.8273431446716889,,,,,,,,,,0.07021651444667178,,,,,,,-0.1571696259520884,0.22738614039876018
California,CA,6,West,Pacific,2018,2868663.94,0.0727404199102365,9.893544986880464e-05,14.869357301806744,39437.0,2850.9703,2899.5309,7294.353,690.792,9.470229916210526,355096.0,9.004133174430104,124.55268299357591,0.07021651444667178,14.869357301806744,0.009893544986880463,72291.7640794178,11.188465488510513,17.490215019896905,6.537838765429554,2.197683713520413,4.824728782974175,184.96216750767047,1,0,-0.01024737563793465,-0.8523694532659623,-0.9087467164186211,-0.7683317043001635,-1.2914618991509548,-0.1328392470330081,-0.8092417442609239,0.22738614039876018,4.856565588238854,10.14376839222226,181.67428440693476,-1.2398418391932737,-0.04540475560752294,-0.8273431446716889,0.22738614039876018,,0.3711275961290114,-0.1571696259520884,0.03698716372343824,-0.6735384760117338,-0.04825702447848279,-0.031836805264679136,0.005150358458758664,0.30091108168233965,0.1893965030351857
California,CA,6,West,Pacific,2019,17722175.0,0.449367995334449,0.0005775273243298,16.69032729469908,39438.0,2969.609,3068.6297000000004,7232.052,788.792,10.906890603109602,355017.0,9.001901719154116,119.55008218253649,0.3711275961290114,16.69032729469908,0.05775273243298,75298.16420710989,11.229211033771138,17.490240376473768,6.670502661249166,2.197435857143304,4.78373538133644,183.37775749277347,2,0,-0.01024737563793465,-0.8523694532659623,-0.9087467164186211,-0.7683317043001635,-1.3579284253245725,0.05365892788019545,-0.8179646943220313,0.07021651444667178,4.824728782974175,9.470229916210526,184.96216750767047,-1.2914618991509548,-0.1328392470330081,-0.8092417442609239,0.07021651444667178,0.22738614039876018,0.2824476684229481,0.30091108168233965,0.04074554526062535,1.4366606868990761,0.13266389581961135,-0.040993401637734905,-0.00024785637710911246,-0.08867992770606331,0.3711275961290114
California,CA,6,West,Pacific,2020,12900846.73,0.326372362123052,0.000419822671058,16.372803582676607,39528.0,2930.6546000000003,3072.9276,6433.619,738.376,11.476837531100305,300104.0,7.592187816231532,102.4016955119856,0.2824476684229481,16.372803582676607,0.0419822671058,74141.23153207854,11.213727087466124,17.49251983950772,6.604453179951859,2.0271197997044137,4.628903270202564,162.76105545436147,3,0,-0.01024737563793465,-0.8523694532659623,-0.9087467164186211,-0.7683317043001635,-1.6089725484285982,0.12764582181900075,-0.9314696965720277,0.3711275961290114,4.78373538133644,10.906890603109602,183.37775749277347,-1.3579284253245725,0.05365892788019545,-0.8179646943220313,0.3711275961290114,0.07021651444667178,0.2700834207879594,-0.08867992770606331,-0.015483946305014484,0.5699469279907028,-0.06604948129730648,-0.15483211113387618,-0.17031605743889022,-0.012364247634988723,0.2824476684229481
California,CA,6,West,Pacific,2021,12140316.89,0.3100737335580926,0.0003551611270436,16.312042528590524,39153.0,3151.1125,3418.2561,6778.817,809.581,11.94280653984316,322322.0,8.232370444154983,102.28831880804002,0.2700834207879594,16.312042528590524,0.035516112704359996,80482.01925778357,11.29578907520002,17.482987605817776,6.696516829878368,2.1080739980239915,4.6277954807882455,173.13659234286007,4,0,-0.01024737563793465,-0.8523694532659623,-0.9087467164186211,-0.7683317043001635,-1.6107687134493087,0.18813496200994537,-0.8743473044610214,0.2824476684229481,4.628903270202564,11.476837531100305,162.76105545436147,-1.6089725484285982,0.12764582181900075,-0.9314696965720277,0.2824476684229481,0.3711275961290114,0.8923269434671589,-0.012364247634988723,0.08206198773389595,0.46596900874285474,0.09206364992650862,-0.0011077894143181055,0.08095419831957784,0.6222435226791996,0.2700834207879594
California,CA,6,West,Pacific,2022,56371404.0,1.4408026581469648,0.0015579571751814,17.84747258435243,39125.0,3147.2114,3618.2897,6857.539,883.099,12.877783123070827,324564.0,8.295565495207669,103.12748612946687,0.8923269434671589,17.84747258435243,0.15579571751814,80439.90798722045,11.295265700017467,17.482272206824593,6.783437312099526,2.115721094339549,4.635965952286357,175.2725623003195,5,1,-0.01024737563793465,-0.8523694532659623,-0.9087467164186211,-0.7683317043001635,-1.5975211458900425,0.3095076897170775,-0.8625877478464062,0.2700834207879594,4.6277954807882455,11.94280653984316,173.13659234286007,-1.6107687134493087,0.18813496200994537,-0.8743473044610214,0.2700834207879594,0.2824476684229481,1.3408487759652827,0.6222435226791996,-0.0005233751825528543,0.9349765832276677,0.08692048222115822,0.008170471498111453,0.007647096315557267,0.44852183249812383,0.8923269434671589
California,CA,6,West,Pacific,2023,110582825.48,2.822286393752233,0.0028895378767633,18.521275359046584,39182.0,3204.0164,3827.0073,6814.876,1066.904,15.655515962432773,324499.0,8.281838599356847,101.27881992114648,1.3408487759652827,18.521275359046584,0.28895378767633,81772.6609157266,11.311698248093194,17.483728015630113,6.972516275370254,2.114064996809457,4.617877306680537,173.92874279005665,6,1,-0.01024737563793465,-0.8523694532659623,-0.9087467164186211,-0.7683317043001635,-1.6268499985485594,0.6700953425021123,-0.8699861298112708,0.8923269434671589,4.635965952286357,12.877783123070827,175.2725623003195,-1.5975211458900425,0.3095076897170775,-0.8625877478464062,0.8923269434671589,0.2700834207879594,4.535753946423706,0.44852183249812383,0.016432548075727027,2.7777328393619456,0.18907896327072837,-0.01808864560582002,-0.0016560975300916603,3.1949051704584237,1.3408487759652827
California,CA,6,West,Pacific,2024,3633146513.35,92.29382734281722,0.0897492464035236,22.01336491812264,39365.0,3306.9286,4048.1081,6855.45,1173.475,17.117402942184683,315984.0,8.027029086752192,95.55210838238236,4.535753946423706,22.013364918122637,8.97492464035236,84006.8233202083,11.338653304528952,17.488387654600704,7.067724711272074,2.0828144827572004,4.559671736192522,174.15089546551505,7,1,-0.01024737563793465,-0.8523694532659623,-0.9087467164186211,-0.7683317043001635,-1.7212242617160936,0.8598682346953119,-0.8687630709592407,1.3408487759652827,4.617877306680537,15.655515962432773,173.92874279005665,-1.6268499985485594,0.6700953425021123,-0.8699861298112708,1.3408487759652827,0.8923269434671589,,3.1949051704584237,0.02695505643575835,1.4618869797519096,0.09520843590181993,-0.05820557048801511,-0.03125051405225676,,4.535753946423706
Colorado,CO,8,West,Mountain,2017,5871867.93,1.0453743866832828,0.0016766748579634,15.58568352784208,5617.0,350.2091,350.2091,1399.088,88.198,6.303963724940818,88447.0,15.746305857219156,252.55483081393376,0.7155808469114882,15.58568352784208,0.16766748579634,62348.06836389532,11.040487970097328,15.54130827151457,4.479584287018685,2.7566057890127924,5.53162837687974,249.08100409471248,0,0,-0.5019599961642643,-0.4196674519804677,-0.5080166297243355,-0.1868200023423777,-0.14529791950224671,-0.5438638343597043,-0.45623626949974705,,,,,,,,,,0.7946784149439092,,,,,,,0.07909756803242107,0.7155808469114882
Colorado,CO,8,West,Mountain,2018,6914614.0,1.213728980164999,0.0018492074974774,15.749147845464504,5697.0,365.2045,373.9231,1447.764,90.564,6.255439422447305,89672.0,15.740214147797086,245.53914313761197,0.7946784149439092,15.749147845464504,0.18492074974774,64104.704230296644,11.06827302914411,15.555450278462533,4.506056783090732,2.7562188482205356,5.503456377040699,254.1274354923644,1,0,-0.5019599961642643,-0.4196674519804677,-0.5080166297243355,-0.1868200023423777,-0.19097587960939583,-0.5501629514278477,-0.42845320283478133,0.7155808469114882,5.53162837687974,6.303963724940818,249.08100409471248,-0.14529791950224671,-0.5438638343597043,-0.45623626949974705,0.7155808469114882,,0.8334076130724037,0.07909756803242107,0.02778505904678319,-0.04852430249351336,0.026472496072046603,-0.028171999839041284,-0.0003869407922567625,0.03872919812849451,0.7946784149439092
Colorado,CO,8,West,Mountain,2019,7492003.35,1.3011468131295587,0.001883152914864,15.829346923165277,5758.0,383.7256,397.8436,1484.501,98.087,6.607405451394105,91371.0,15.868530739840224,238.1154658433005,0.8334076130724037,15.829346923165275,0.1883152914864,66642.16741924279,11.107092800610182,15.566100750154257,4.5858548399511125,2.764337949271982,5.472755706626074,257.8153872872525,2,0,-0.5019599961642643,-0.4196674519804677,-0.5080166297243355,-0.1868200023423777,-0.24075381537803667,-0.5044729547371836,-0.40814922909558987,0.7946784149439092,5.503456377040699,6.255439422447305,254.1274354923644,-0.19097587960939583,-0.5501629514278477,-0.42845320283478133,0.7946784149439092,0.7155808469114882,0.8561196792031829,0.03872919812849451,0.03881977146607163,0.3519660289468005,0.07979805686038066,-0.030700670414624653,0.008119101051446531,0.02271206613077914,0.8334076130724037
Colorado,CO,8,West,Mountain,2020,7835648.0,1.3540086400552964,0.0019738088286822,15.874194263781453,5787.0,380.544,396.9811,1347.247,95.339,7.076579127658106,79569.0,13.749611197511664,209.09277245206863,0.8561196792031829,15.874194263781453,0.19738088286822,65758.42405391394,11.093743064326013,15.571124580555976,4.557438960944664,2.621010547168185,5.342778040806446,232.80577155693797,3,0,-0.5019599961642643,-0.4196674519804677,-0.5080166297243355,-0.1868200023423777,-0.4514990470992709,-0.44356780494192005,-0.5458393642322351,0.8334076130724037,5.472755706626074,6.607405451394105,257.8153872872525,-0.24075381537803667,-0.5044729547371836,-0.40814922909558987,0.8334076130724037,0.7946784149439092,0.8399632732639556,0.02271206613077914,-0.013349736284169467,0.46917367626400086,-0.02841587900644882,-0.1299776658196281,-0.14332740210379713,-0.016156405939227292,0.8561196792031829
Colorado,CO,8,West,Mountain,2021,7652863.0,1.316281905744754,0.0017167303787754,15.850590514825322,5814.0,406.3092,445.7813,1386.62,103.948,7.496502286134629,84878.0,14.59889920880633,208.90001998478004,0.8399632732639556,15.850590514825322,0.17167303787753999,69884.62332301341,11.154600922949747,15.575779360100958,4.64389077409969,2.6809461292147194,5.341855764229246,238.4967320261438,4,0,-0.5019599961642643,-0.4196674519804677,-0.5080166297243355,-0.1868200023423777,-0.45299442239892335,-0.3890560448765031,-0.5145078506051601,0.8561196792031829,5.342778040806446,7.076579127658106,232.80577155693797,-0.4514990470992709,-0.44356780494192005,-0.5458393642322351,0.8561196792031829,0.8334076130724037,2.069395973291547,-0.016156405939227292,0.06085785862373427,0.4199231584765233,0.08645181315502626,-0.0009222765772003427,0.059935582046534375,1.2294327000275915,0.8399632732639556
Colorado,CO,8,West,Mountain,2022,40502981.0,6.920037758414488,0.0081136201831179,17.51688615899587,5853.0,422.5761,499.1974,1427.932,115.145,8.063759338679994,86558.0,14.788655390398086,204.83411153636,2.069395973291547,17.51688615899587,0.8113620183117899,72198.20604818042,11.187170477594115,15.582464908273359,4.746192203699979,2.693860359161711,5.322200439531869,243.96582948915085,5,1,-0.5019599961642643,-0.4196674519804677,-0.5080166297243355,-0.1868200023423777,-0.4848634818391278,-0.3154183335010366,-0.4843978010595308,0.8399632732639556,5.341855764229246,7.496502286134629,238.4967320261438,-0.45299442239892335,-0.3890560448765031,-0.5145078506051601,0.8399632732639556,0.8561196792031829,2.1416679206730493,1.2294327000275915,0.03256955464436828,0.5672570525453642,0.10230142960028932,-0.01965532469737674,0.01291422994699154,0.07227194738150233,2.069395973291547
Colorado,CO,8,West,Mountain,2023,44420556.0,7.513625845737483,0.0083298652873992,17.609212915748607,5912.0,440.2252,533.2686,1370.92,115.331,8.412671782452659,82449.0,13.94604194857916,187.28823338600333,2.1416679206730493,17.609212915748607,0.8329865287399201,74462.99052774018,11.218057509496111,15.592494741610174,4.747806254971088,2.6351957367233902,5.232648785191554,231.88768606224627,6,1,-0.5019599961642643,-0.4196674519804677,-0.5080166297243355,-0.1868200023423777,-0.630062151364086,-0.2701247338630039,-0.5508938727538462,2.069395973291547,5.322200439531869,8.063759338679994,243.96582948915085,-0.4848634818391278,-0.3154183335010366,-0.4843978010595308,2.069395973291547,0.8399632732639556,5.05680636091558,0.07227194738150233,0.0308870319019956,0.34891244377266517,0.0016140512711091404,-0.08955165434031542,-0.05866462243832071,2.9151384402425307,2.1416679206730493
Colorado,CO,8,West,Mountain,2024,934811223.02,156.08803189514109,0.1676391503049496,20.65585516742468,5989.0,448.8385,557.633,1345.861,125.513,9.32585162955164,79572.0,13.286358323593252,177.28425703231787,5.05680636091558,20.655855167424676,16.76391503049496,74943.81365837369,11.22449396054276,15.6054350112466,4.8324093388645855,2.5867378188924053,5.1777544163139195,224.72215728836198,7,1,-0.5019599961642643,-0.4196674519804677,-0.5080166297243355,-0.1868200023423777,-0.7190676463955327,-0.15158152014211362,-0.5903436042427529,2.1416679206730493,5.232648785191554,8.412671782452659,231.88768606224627,-0.630062151364086,-0.2701247338630039,-0.5508938727538462,2.1416679206730493,2.069395973291547,,2.9151384402425307,0.006436451046649694,0.9131798470989807,0.08460308389349702,-0.054894368877634214,-0.048457917830984965,,5.05680636091558
Connecticut,CT,9,Northeast,New England,2017,3065752.84,0.857553241958042,0.0011193981636154,14.935804048171804,3575.0,273.8751,273.8751,724.109,44.621,6.162193813362353,33469.0,9.361958041958042,122.2053410477988,0.619260160433472,14.935804048171804,0.11193981636154,76608.41958041958,11.246462265881808,15.089475734110245,3.7982046002279284,2.236654461128682,4.805702753211149,202.54797202797204,0,0,-0.5201145797367114,-0.8746252995493189,-0.7846535297340834,-0.49989811475771057,-1.3223106224747623,-0.5622675047657335,-0.7124233114230318,,,,,,,,,,0.48747400893677223,,,,,,,-0.13178615149669975,0.619260160433472
Connecticut,CT,9,Northeast,New England,2018,2245808.59,0.628198206993007,0.0008005437424296,14.624576633304708,3575.0,274.5828,280.53540000000004,750.446,46.799,6.23615823123849,36957.0,10.337622377622376,134.59328115235186,0.48747400893677223,14.624576633304708,0.08005437424296,76806.37762237764,11.249042957646013,15.089475734110245,3.845861835173945,2.3357898985019756,4.902257498820237,209.91496503496504,1,0,-0.5201145797367114,-0.8746252995493189,-0.7846535297340834,-0.49989811475771057,-1.1657571707039787,-0.552665913333458,-0.6718644210497559,0.619260160433472,4.805702753211149,6.162193813362353,202.54797202797204,-1.3223106224747623,-0.5622675047657335,-0.7124233114230318,0.619260160433472,,0.7256515610958675,-0.13178615149669975,0.0025806917642050564,0.07396441787613739,0.04765723494601648,0.0965547456090885,0.09913543737329356,0.23817755215909525,0.48747400893677223
Connecticut,CT,9,Northeast,New England,2019,3801630.0,1.0660768367919238,0.0013271442779747,15.15094074313844,3566.0,275.22540000000004,286.4519,730.033,46.25,6.335330046723915,36248.0,10.16489063376332,131.70296055523943,0.7256515610958675,15.15094074313844,0.13271442779747,77180.42624789682,11.253901157852944,15.086955077405223,3.834061463958434,2.3189396879238884,4.8805490880352185,204.72041503084688,2,0,-0.5201145797367114,-0.8746252995493189,-0.7846535297340834,-0.49989811475771057,-1.2009550951499925,-0.5397920574818152,-0.7004629529006127,0.48747400893677223,4.902257498820237,6.23615823123849,209.91496503496504,-1.1657571707039787,-0.552665913333458,-0.6718644210497559,0.48747400893677223,0.619260160433472,0.8096545425553715,0.23817755215909525,0.0048582002069306185,0.09917181548542509,-0.011800371215510808,-0.021708410785018728,-0.01685021057808722,0.08400298145950402,0.7256515610958675
Connecticut,CT,9,Northeast,New England,2020,4464731.0,1.24713156424581,0.0016017092864197,15.311719748094903,3580.0,261.7371,278.7479,664.929,46.514,6.995333336341174,33443.0,9.341620111731844,127.77325033401836,0.8096545425553715,15.311719748094903,0.16017092864197,73110.92178770949,11.199733043438073,15.090873358376884,3.839753342548064,2.234479696698589,4.850257211224791,185.73435754189944,3,0,-0.5201145797367114,-0.8746252995493189,-0.7846535297340834,-0.49989811475771057,-1.2500702147163316,-0.45411461807473547,-0.8049904614219284,0.7256515610958675,4.8805490880352185,6.335330046723915,204.72041503084688,-1.2009550951499925,-0.5397920574818152,-0.7004629529006127,0.7256515610958675,0.48747400893677223,0.7604138945795289,0.08400298145950402,-0.05416811441487113,0.6600032896172587,0.0056918785896300506,-0.030291876810427887,-0.08445999122529946,-0.0492406479758426,0.8096545425553715
Connecticut,CT,9,Northeast,New England,2021,4110094.42,1.1391614246119734,0.0013821668987039,15.22895680274793,3608.0,270.7798,297.366,699.038,49.283,7.0501174471201855,36240.0,10.044345898004435,133.83568493661642,0.7604138945795289,15.22895680274793,0.13821668987038999,75049.83370288249,11.225907621241465,15.09866416016465,3.8975791939957345,2.3070098789744016,4.896612815697211,193.74667405764967,4,0,-0.5201145797367114,-0.8746252995493189,-0.7846535297340834,-0.49989811475771057,-1.174909435789319,-0.44700289241278995,-0.7608787503221854,0.8096545425553715,4.850257211224791,6.995333336341174,185.73435754189944,-1.2500702147163316,-0.45411461807473547,-0.8049904614219284,0.8096545425553715,0.7256515610958675,1.4309166522977739,-0.0492406479758426,0.02617457780339194,0.05478411077901146,0.057825851447670384,0.04635560447242071,0.07253018227581265,0.670502757718245,0.7604138945795289
Connecticut,CT,9,Northeast,New England,2022,11517581.0,3.182531362254766,0.0035810567704271,16.259385295367473,3619.0,279.3485,321.6252,718.24,49.976,6.958119848518601,36985.0,10.2196739430782,132.3973459674922,1.4309166522977739,16.259385295367473,0.35810567704271,77189.41696601271,11.254017640683255,15.10170830254588,3.9115428901912686,2.324314680458226,4.8858075977392454,198.46366399557888,5,1,-0.5201145797367114,-0.8746252995493189,-0.7846535297340834,-0.49989811475771057,-1.1924289699953725,-0.4589454369482195,-0.7349094196057434,0.7604138945795289,4.896612815697211,7.0501174471201855,193.74667405764967,-1.174909435789319,-0.44700289241278995,-0.7608787503221854,0.7604138945795289,0.8096545425553715,2.3592559990256734,0.670502757718245,0.028110019441790257,-0.09199759860158441,0.013963696195534059,-0.010805217957965851,0.017304801483824406,0.9283393467278995,1.4309166522977739
Connecticut,CT,9,Northeast,New England,2023,34891975.0,9.58307470475144,0.0102067547984243,17.367767446698256,3641.0,283.2285,341.8518,687.832,49.804,7.2407215715465405,36041.0,9.89865421587476,127.25061213825586,2.3592559990256734,17.367767446698256,1.02067547984243,77788.65696237297,11.261750902138203,15.10776892715757,3.908095302090166,2.292398810109737,4.846158465935807,188.9129360065916,6,1,-0.5201145797367114,-0.8746252995493189,-0.7846535297340834,-0.49989811475771057,-1.2567159028062518,-0.4222598743427608,-0.7874908363551026,1.4309166522977739,4.8858075977392454,6.958119848518601,198.46366399557888,-1.1924289699953725,-0.4589454369482195,-0.7349094196057434,1.4309166522977739,0.7604138945795289,5.521763208825323,0.9283393467278995,0.007733261454948348,0.2826017230279394,-0.003447588101102461,-0.03964913180343821,-0.03191587034848897,3.16250720979965,2.3592559990256734
Connecticut,CT,9,Northeast,New England,2024,915103696.22,249.0755841643985,0.2564501667914209,20.63454794711349,3674.0,286.1601,356.8349,709.097,50.326,7.097195447167313,37092.0,10.095808383233534,129.61974782647894,5.521763208825323,20.634547947113486,25.645016679142092,77887.88786064235,11.263025736594756,15.116791544757207,3.9185218421679755,2.312120326145046,4.864605147514565,193.0040827436037,7,1,-0.5201145797367114,-0.8746252995493189,-0.7846535297340834,-0.49989811475771057,-1.2268065321517736,-0.44089152515160046,-0.7649670777673109,2.3592559990256734,4.846158465935807,7.2407215715465405,188.9129360065916,-1.2567159028062518,-0.4222598743427608,-0.7874908363551026,2.3592559990256734,1.4309166522977739,,3.16250720979965,0.0012748344565522984,-0.1435261243792274,0.01042654007780941,0.01844668157875784,0.019721516035308806,,5.058846185902059
Delaware,DE,10,South,South Atlantic,2017,874221.0,0.9125480167014614,0.0012568664492866,13.681089626960633,958.0,69.55560000000001,69.55560000000001,274.293,7.068,2.5768065535759206,13724.0,14.325678496868475,197.30977807681907,0.64843639317539,13.681089626960631,0.12568664492866,72605.01043841337,11.192789212734725,13.772603056952997,1.9555775544574499,2.66205362600748,5.284774971237029,286.31837160751564,0,0,-0.9792473528523508,-0.6124888456598718,-0.2866420608268923,0.03515740641894353,-0.545544976143057,-1.0276997299284416,-0.2512263956872515,,,,,,,,,,0.7166622140570142,,,,,,,0.06822582088162421,0.64843639317539
Delaware,DE,10,South,South Atlantic,2018,1013017.0,1.0475873836608067,0.0013805835695595,13.828444552075917,967.0,70.8564,73.376,292.792,7.209,2.462157435995519,13947.0,14.4229576008273,196.8347248801802,0.7166622140570142,13.828444552075915,0.13805835695594998,73274.45708376422,11.20196735625467,13.781953774435431,1.9753302454224415,2.6688212149054,5.282364416615004,302.7838676318511,1,0,-0.9792473528523508,-0.6124888456598718,-0.2866420608268923,0.03515740641894353,-0.5494534391023805,-1.04258275093621,-0.160575807644245,0.64843639317539,5.284774971237029,2.5768065535759206,286.31837160751564,-0.545544976143057,-1.0276997299284416,-0.2512263956872515,0.64843639317539,,0.7374921331012159,0.06822582088162421,0.009178143519944726,-0.11464911758040142,0.01975269096499166,-0.0024105546220249963,0.006767588897920174,0.020829919044201617,0.7166622140570142
Delaware,DE,10,South,South Atlantic,2019,1065600.0,1.0906857727737973,0.001353821917025,13.87904951720626,977.0,74.62780000000001,78.7105,291.612,7.653,2.624377597629727,13572.0,13.89150460593654,181.862523081211,0.7374921331012159,13.87904951720626,0.13538219170250002,76384.64687819859,11.243536997868388,13.79224193102492,2.035097727827784,2.631277473861338,5.2032510339572235,298.47697031729786,2,0,-0.9792473528523508,-0.6124888456598718,-0.2866420608268923,0.03515740641894353,-0.6777275395436185,-1.021524358822617,-0.1842873784118711,0.7166622140570142,5.282364416615004,2.462157435995519,302.7838676318511,-0.5494534391023805,-1.04258275093621,-0.160575807644245,0.7166622140570142,0.64843639317539,0.8139927262427086,0.020829919044201617,0.04156964161371768,0.16222016163420783,0.05976748240534269,-0.07911338265778056,-0.037543741044061996,0.07650059314149271,0.7374921331012159
Delaware,DE,10,South,South Atlantic,2020,1246846.0,1.2569012096774193,0.0016035119577351,14.036128522667871,992.0,72.7288,77.7572,263.853,6.793,2.574539611071316,12192.0,12.290322580645162,167.63647963392768,0.8139927262427086,14.036128522667871,0.16035119577350998,73315.32258064517,11.202524905328461,13.80747838626701,1.915892670209165,2.508812170641555,5.121797823277368,265.98084677419354,3,0,-0.9792473528523508,-0.6124888456598718,-0.2866420608268923,0.03515740641894353,-0.8097954271373687,-1.027994010020879,-0.36319439123109104,0.7374921331012159,5.2032510339572235,2.624377597629727,298.47697031729786,-0.6777275395436185,-1.021524358822617,-0.1842873784118711,0.7374921331012159,0.7166622140570142,0.5762538609291488,0.07650059314149271,-0.041012092539926215,-0.049837986558411096,-0.11920505761861921,-0.08145321067985556,-0.1224653032197831,-0.2377388653135598,0.8139927262427086
Delaware,DE,10,South,South Atlantic,2021,783257.0,0.7793601990049751,0.0009374182421814,13.571217422614817,1005.0,75.2055,83.5547,281.136,7.149,2.542897387741164,12688.0,12.624875621890547,168.7110650151917,0.5762538609291488,13.571217422614815,0.09374182421814,74831.34328358209,11.22299210405029,13.820498099475314,1.9669724867847147,2.535669123381453,5.128187577295438,279.73731343283583,4,0,-0.9792473528523508,-0.6124888456598718,-0.2866420608268923,0.03515740641894353,-0.7994351072878916,-1.0321016026870407,-0.2874583314028984,0.8139927262427086,5.121797823277368,2.574539611071316,265.98084677419354,-0.8097954271373687,-1.027994010020879,-0.36319439123109104,0.8139927262427086,0.7374921331012159,1.3715466611239782,-0.2377388653135598,0.02046719872182834,-0.031642223330151875,0.05107981657554972,0.006389754018069738,0.026856952739898077,0.7952928001948294,0.5762538609291488
Delaware,DE,10,South,South Atlantic,2022,3000270.9,2.941442058823529,0.0030920937149594,14.914213475858764,1020.0,81.1118,97.0304,275.231,7.414,2.693737260701011,12719.0,12.469607843137254,156.80825724493846,1.3715466611239782,14.914213475858764,0.30920937149594,79521.37254901961,11.283781101606793,13.835313185260453,2.0033701047285404,2.5232943111731676,5.055023767530649,269.8343137254902,5,1,-0.9792473528523508,-0.6124888456598718,-0.2866420608268923,0.03515740641894353,-0.9180625956741328,-1.0125205274424256,-0.34197917581194726,0.5762538609291488,5.128187577295438,2.542897387741164,279.73731343283583,-0.7994351072878916,-1.0321016026870407,-0.2874583314028984,0.5762538609291488,0.8139927262427086,2.586320481728237,0.7952928001948294,0.06078899755650369,0.15083987295984702,0.03639761794382568,-0.07316380976478865,-0.012374812208285402,1.2147738206042589,1.3715466611239782
Delaware,DE,10,South,South Atlantic,2023,12710643.1,12.28081458937198,0.012300721554206,16.35795031851419,1035.0,82.09089999999999,103.3325,268.525,8.052,2.998603481984917,12200.0,11.78743961352657,148.6157418179116,2.586320481728237,16.35795031851419,1.2300721554206,79314.87922705313,11.281181022141443,13.849911984681606,2.085920507777545,2.4670345250218784,5.00136406084471,259.44444444444446,6,1,-0.9792473528523508,-0.6124888456598718,-0.2866420608268923,0.03515740641894353,-1.0050662147059952,-0.9729447289392629,-0.3991804747357541,1.3715466611239782,5.055023767530649,2.693737260701011,269.8343137254902,-0.9180625956741328,-1.0125205274424256,-0.34197917581194726,1.3715466611239782,0.5762538609291488,4.845061080117877,1.2147738206042589,-0.002600079465350902,0.30486622128390595,0.08255040304900474,-0.05365970668593878,-0.05625978615128924,2.25874059838964,2.586320481728237
Delaware,DE,10,South,South Atlantic,2024,132416598.0,126.11104571428572,0.1193245473174265,18.701463563699644,1050.0,85.3505,110.9718,261.559,7.591,2.902213267369885,11523.0,10.974285714285717,135.00799643821654,4.845061080117877,18.701463563699644,11.93245473174265,81286.19047619047,11.30573142226681,13.864300722133706,2.026963335034631,2.3955548738624457,4.90533400955991,249.10380952380956,7,1,-0.9792473528523508,-0.6124888456598718,-0.2866420608268923,0.03515740641894353,-1.1607689293423822,-0.9854574950148743,-0.45611071448730356,2.586320481728237,5.00136406084471,2.998603481984917,259.44444444444446,-1.0050662147059952,-0.9729447289392629,-0.3991804747357541,2.586320481728237,1.3715466611239782,,2.25874059838964,0.024550400125367133,-0.09639021461503194,-0.05895717274291412,-0.09603005128480024,-0.07147965115943267,,4.845061080117877
Florida,FL,12,South,South Atlantic,2017,3368567.0,0.1605838299089479,0.000331922048103,15.029998286205965,20977.0,1014.8669,1014.8669,4324.156,300.547,6.950419920095391,237498.0,11.321828669495162,234.01886493687005,0.14892318015012626,15.029998286205963,0.0331922048103,48379.98283834676,10.786841429437763,16.858937157380925,5.705604147735137,2.4267326029699543,5.455401731496467,206.13796062354007,0,0,-0.41917696491179546,-0.4843633948120714,-0.7633111999515777,-0.36356864553024915,-0.26889147646704914,-0.4599449928008896,-0.6926586728858782,,,,,,,,,,0.17208083366733262,,,,,,,0.02315765351720636,0.1893965030351857
Florida,FL,12,South,South Atlantic,2018,3991133.0,0.1877738414490708,0.0003722774562031,15.199585959012202,21255.0,1050.4338,1072.0856,4412.68,301.91,6.841873872567238,241154.0,11.345753940249352,229.5756286593215,0.17208083366733262,15.199585959012202,0.03722774562031,49420.550458715596,10.808121617860085,16.87210271977503,5.710128959715065,2.42884357175306,5.43623251185725,207.60668078099272,1,0,-0.41917696491179546,-0.4843633948120714,-0.7633111999515777,-0.36356864553024915,-0.29997236724399307,-0.47403575197780895,-0.6845726519274495,0.14892318015012626,5.455401731496467,6.950419920095391,206.13796062354007,-0.26889147646704914,-0.4599449928008896,-0.6926586728858782,0.14892318015012626,,0.18957140878637613,0.02315765351720636,0.021280188422322155,-0.10854604752815344,0.004524811979927712,-0.019169219639216806,0.0021109687831057933,0.017490575119043505,0.1893965030351857
Florida,FL,12,South,South Atlantic,2019,4486056.0,0.2087314349525404,0.0003956941673326,15.316484700178624,21492.0,1084.9139,1133.718,4338.003,293.232,6.75960805006359,232922.0,10.837613995905452,214.69169120240787,0.18957140878637613,15.316484700178625,0.03956941673326,50479.894844593335,10.82933041410265,16.88319133083085,5.680964104575521,2.3830228607046684,5.369203004566292,201.8426856504746,2,0,-0.41917696491179546,-0.4843633948120714,-0.7633111999515777,-0.36356864553024915,-0.4086537238225628,-0.4847149790872939,-0.7163062569938407,0.17208083366733262,5.43623251185725,6.841873872567238,207.60668078099272,-0.29997236724399307,-0.47403575197780895,-0.6845726519274495,0.17208083366733262,0.14892318015012626,0.24284773042257396,0.017490575119043505,0.021208796242564887,-0.08226582250364789,-0.02916485513954381,-0.06702950729095836,-0.045820711048391694,0.05327632163619783,0.18957140878637613
Florida,FL,12,South,South Atlantic,2020,5934815.0,0.2748744847390116,0.0005184814929098,15.596346583017937,21591.0,1072.4816,1144.6532,3954.381,278.16,7.034223561159131,207020.0,9.588254365244778,193.0289526645492,0.24284773042257396,15.596346583017937,0.05184814929098,49672.62285211431,10.813209212266207,16.88778711915805,5.628196487699606,2.260538845761827,5.262840191459894,183.149506738919,3,0,-0.41917696491179546,-0.4843633948120714,-0.7633111999515777,-0.36356864553024915,-0.5811099343051886,-0.4490661358432295,-0.8192213260704819,0.18957140878637613,5.369203004566292,6.75960805006359,201.8426856504746,-0.4086537238225628,-0.4847149790872939,-0.7163062569938407,0.18957140878637613,0.17208083366733262,0.21895200669293619,0.05327632163619783,-0.016121201836442722,0.27461551109554083,-0.052767616875915024,-0.10636281310639806,-0.12248401494284122,-0.023895723729637774,0.24284773042257396
Florida,FL,12,South,South Atlantic,2021,5345076.0,0.2447715345514493,0.0004109043626583,15.49168650832442,21837.0,1172.6553,1300.8078,4257.181,296.634,6.967850321609535,225711.0,10.336172551174611,192.4785569979516,0.21895200669293619,15.49168650832442,0.04109043626583,53700.384668223654,10.891175443752932,16.899116336768504,5.6924990556357145,2.3356496410934895,5.259984755304832,194.95264917342126,4,0,-0.41917696491179546,-0.4843633948120714,-0.7633111999515777,-0.36356864553024915,-0.5857397262803634,-0.4576822886703766,-0.7542392689941797,0.24284773042257396,5.262840191459894,7.034223561159131,183.149506738919,-0.5811099343051886,-0.4490661358432295,-0.8192213260704819,0.24284773042257396,0.18957140878637613,1.0951031966425862,-0.023895723729637774,0.07796623148672488,-0.06637323954959573,0.06430256793610845,-0.0028554361550616747,0.07511079533166232,0.8761511899496499,0.21895200669293619
Florida,FL,12,South,South Atlantic,2022,44592455.15,1.9894911729276343,0.0030259086132269,17.613075258064892,22414.0,1245.9276,1473.6881,4337.403,306.63,7.069437633533244,231500.0,10.328366199696616,185.8053389298062,1.0951031966425862,17.613075258064892,0.30259086132269003,55587.02596591416,10.92570510707248,16.92519632159411,5.725641809009095,2.334894109896452,5.224699560788248,193.51311680199876,5,1,-0.41917696491179546,-0.4843633948120714,-0.7633111999515777,-0.36356864553024915,-0.6429509898296386,-0.44449486839718505,-0.7621645969517175,0.21895200669293619,5.259984755304832,6.967850321609535,194.95264917342126,-0.5857397262803634,-0.4576822886703766,-0.7542392689941797,0.21895200669293619,0.24284773042257396,1.364930209115848,0.8761511899496499,0.034529663319547765,0.1015873119237094,0.03314275337338035,-0.035285194516584184,-0.0007555311970373069,0.2698270124732618,1.0951031966425862
Florida,FL,12,South,South Atlantic,2023,66848348.0,2.9154497797548955,0.0041146502217749,18.017937164124227,22929.0,1309.3922,1624.6423,4307.54,287.863,6.682770212232504,229833.0,10.02368180034018,175.52647709372334,1.364930209115848,18.017937164124227,0.41146502217749,57106.38056609534,10.952671133115691,16.94791304289313,5.662484672513005,2.304950473309015,5.167789898157597,187.86427668018666,6,1,-0.41917696491179546,-0.4843633948120714,-0.7633111999515777,-0.36356864553024915,-0.7352240735370907,-0.4946895796665752,-0.7932642175186517,1.0951031966425862,5.224699560788248,7.069437633533244,193.51311680199876,-0.6429509898296386,-0.44449486839718505,-0.7621645969517175,1.0951031966425862,0.21895200669293619,3.0386008706705514,0.2698270124732618,0.026966026043211855,-0.38666742130074017,-0.06315713649608945,-0.05690966263065089,-0.02994363658743726,1.6736706615547035,1.364930209115848
Florida,FL,12,South,South Atlantic,2024,462435354.48,19.87601454826786,0.0267812997701582,19.952017333212613,23266.0,1352.2751,1726.7098999999998,4357.609,306.426,7.031975562745532,230847.0,9.922075131092582,170.71008702297334,3.0386008706705514,19.952017333212613,2.67812997701582,58122.371701194876,10.970305923823332,16.96250362535885,5.724976290663203,2.2947620860223896,5.139966720163332,187.29515172354508,7,1,-0.41917696491179546,-0.4843633948120714,-0.7633111999515777,-0.36356864553024915,-0.7803364553962909,-0.44935795673397083,-0.7963975280434764,1.364930209115848,5.167789898157597,6.682770212232504,187.86427668018666,-0.7352240735370907,-0.4946895796665752,-0.7932642175186517,1.364930209115848,1.0951031966425862,,1.6736706615547035,0.017634790707640846,0.3492053505130279,0.062491618150197326,-0.027823177994265258,-0.0101883872866253,,3.0386008706705514
Georgia,GA,13,South,South Atlantic,2017,3597107.44,0.345311264279543,0.0006164251118982,15.09564086956835,10417.0,583.5433,583.5433,2882.421,268.645,9.320116665816688,141265.0,13.56100604780647,242.08143594485617,0.2966254095357372,15.09564086956835,0.06164251118982,56018.36421234521,10.933434848322529,16.158949644966587,5.593390805425233,2.6071984720762473,5.489274181717993,276.70356148603247,0,0,-0.11572147754808648,-0.45622266362665964,-0.3438016987884718,-0.30029183430258055,-0.21397083047847207,-0.15232599674644703,-0.30416061583744464,,,,,,,,,,0.3534879915402212,,,,,,,0.05686258200448402,0.2966254095357372
Georgia,GA,13,South,South Atlantic,2018,4460328.3,0.4240258864911113,0.0007278563239042,15.310733155351365,10519.0,600.9346999999999,612.8034,2948.666,272.511,9.24184020841967,141548.0,13.456412206483506,235.54639131339897,0.3534879915402212,15.310733155351363,0.07278563239042,57128.50080806159,10.953058409610868,16.168693703721413,5.607678980261052,2.5994557364180135,5.461907884771419,280.31809107329593,1,0,-0.11572147754808648,-0.45622266362665964,-0.3438016987884718,-0.30029183430258055,-0.2583424273600562,-0.1624873497898886,-0.28426086716907717,0.2966254095357372,5.489274181717993,9.320116665816688,276.70356148603247,-0.21397083047847207,-0.15232599674644703,-0.30416061583744464,0.2966254095357372,,0.3811785854269821,0.05686258200448402,0.01962356128833953,-0.07827645739701694,0.014288174835819234,-0.027366296946573776,-0.007742735658233801,0.027690593886760873,0.3534879915402212
Georgia,GA,13,South,South Atlantic,2019,4931488.0,0.4640090327436958,0.0007625668822961,15.411151528815044,10628.0,620.7449,646.6958000000001,2905.172,281.843,9.70142215331829,136268.0,12.821603312006022,219.5233500911566,0.3811785854269821,15.411151528815044,0.07625668822961,58406.55814828754,10.975183459571193,16.17900258586184,5.6413501783135445,2.55113150701176,5.39145860540484,273.35077154685735,2,0,-0.11572147754808648,-0.45622266362665964,-0.3438016987884718,-0.30029183430258055,-0.3725685877629272,-0.10282733770195834,-0.32261936005758224,0.3534879915402212,5.461907884771419,9.24184020841967,280.31809107329593,-0.2583424273600562,-0.1624873497898886,-0.28426086716907717,0.3534879915402212,0.2966254095357372,0.4537083444459199,0.027690593886760873,0.022125049960324716,0.4595819448986198,0.033671198052492635,-0.07044927936657874,-0.04832422940625358,0.07252975901893782,0.3811785854269821
Georgia,GA,13,South,South Atlantic,2020,6162232.0,0.5741388241870865,0.0009651284134728,15.633949769822452,10733.0,603.2025,638.4883000000001,2658.733,286.914,10.791380706524498,116302.0,10.835926581570856,192.80755633473004,0.4537083444459199,15.633949769822452,0.09651284134728,56200.73604770334,10.936685132730242,16.18883366546366,5.659182519287175,2.3828671487819233,5.261692574015956,247.71573651355632,3,0,-0.11572147754808648,-0.45622266362665964,-0.3438016987884718,-0.30029183430258055,-0.582970676322865,0.03866416600358809,-0.4637527335579778,0.3811785854269821,5.39145860540484,9.70142215331829,273.35077154685735,-0.3725685877629272,-0.10282733770195834,-0.32261936005758224,0.3811785854269821,0.3534879915402212,0.4204033130317673,0.07252975901893782,-0.038498326840951336,1.0899585532062073,0.017832340973630956,-0.12976603138888443,-0.16826435822983665,-0.033305031414152586,0.4537083444459199
Georgia,GA,13,South,South Atlantic,2021,5640157.44,0.5225755063467062,0.0007988839506144,15.545422715278244,10793.0,643.7484000000001,706.0046,2764.908,289.105,10.456224944916794,123963.0,11.485499861021031,192.5643621017155,0.4204033130317673,15.545422715278244,0.07988839506144,59644.99212452515,10.996165469676892,16.194408333807484,5.666789943926357,2.441085358138766,5.260430446426148,256.17604002594277,4,0,-0.11572147754808648,-0.45622266362665964,-0.3438016987884718,-0.30029183430258055,-0.5850170846015373,-0.004843628440481921,-0.41717463549845707,0.4537083444459199,5.261692574015956,10.791380706524498,247.71573651355632,-0.582970676322865,0.03866416600358809,-0.4637527335579778,0.4537083444459199,0.3811785854269821,0.9982762677629672,-0.033305031414152586,0.05948033694665078,-0.33515576160770344,0.007607424639181737,-0.0012621275898077045,0.05821820935684263,0.5778729547311998,0.4204033130317673
Georgia,GA,13,South,South Atlantic,2022,18729651.0,1.713600274473925,0.002383141624488,16.74561849442919,10930.0,670.1071999999999,785.9227,2852.217,300.92,10.550389398843077,125023.0,11.438517840805124,186.5716410747415,0.9982762677629672,16.74561849442919,0.2383141624488,61308.984446477574,11.023681676380066,16.20702186015272,5.706844448692021,2.43698641818793,5.228815299772138,260.9530649588289,5,1,-0.11572147754808648,-0.45622266362665964,-0.3438016987884718,-0.30029183430258055,-0.6362777482354433,0.0073802035047321555,-0.39087478284766447,0.4204033130317673,5.260430446426148,10.456224944916794,256.17604002594277,-0.5850170846015373,-0.004843628440481921,-0.41717463549845707,0.4204033130317673,0.4537083444459199,1.8011992282619305,0.5778729547311998,0.027516206703174007,0.09416445392628248,0.04005450476566352,-0.03161514665401022,-0.004098939950835767,0.8029229604989633,0.9982762677629672
Georgia,GA,13,South,South Atlantic,2023,55949616.0,5.056906724511931,0.0066944973008247,17.8399621473011,11064.0,679.4472,835.7553,2873.369,299.782,10.43311875363032,127675.0,11.53967823571945,187.91011280935444,1.8011992282619305,17.8399621473011,0.66944973008247,61410.62906724512,11.025338210997491,16.21920715232673,5.703055543839338,2.4457913781712506,5.235963725138034,259.7043564714389,6,1,-0.11572147754808648,-0.45622266362665964,-0.3438016987884718,-0.30029183430258055,-0.6246873219058281,-0.007843127586953427,-0.39774953223322174,0.9982762677629672,5.228815299772138,10.550389398843077,260.9530649588289,-0.6362777482354433,0.0073802035047321555,-0.39087478284766447,0.9982762677629672,0.4204033130317673,3.791601046262674,0.8029229604989633,0.0016565346174246542,-0.11727064521275743,-0.003788904852682684,0.007148425365896216,0.008804959983320426,1.9904018180007437,1.8011992282619305
Georgia,GA,13,South,South Atlantic,2024,485439221.27,43.32731357283113,0.0550691668290777,20.00056465200961,11204.0,697.4509,881.5082,2960.655,298.104,10.068853007189286,127826.0,11.40896108532667,183.2759840155056,3.791601046262674,20.00056465200961,5.50691668290777,62250.16958229204,11.03891653853677,16.231781415362136,5.697442418910002,2.4343991067333755,5.210993126160879,264.24982149232414,7,1,-0.11572147754808648,-0.45622266362665964,-0.3438016987884718,-0.30029183430258055,-0.6651745443411136,-0.055129795562312865,-0.37272452986079596,1.8011992282619305,5.235963725138034,10.43311875363032,259.7043564714389,-0.6246873219058281,-0.007843127586953427,-0.39774953223322174,1.8011992282619305,0.9982762677629672,,1.9904018180007437,0.013578327539278234,-0.36426574644103304,-0.005613124929335633,-0.0249705989771547,-0.011392271437875134,,3.791601046262674
Hawaii,HI,15,West,Pacific,2017,427746.77,0.2999626718092567,0.0004892090365111,12.96628897841531,1426.0,87.43639999999999,87.43639999999999,295.642,19.116,6.465928386359178,20161.0,14.138148667601683,230.57902658389412,0.262335550062357,12.96628897841531,0.04892090365111,61315.84852734922,11.023793628922016,14.170383879956379,2.950525680715912,2.64887672315547,5.440593652197728,207.32258064516128,0,0,-0.4812193400633731,-0.4963694368446294,-0.7562686842177919,-0.3385208010728655,-0.2929012329392876,-0.5228386096630109,-0.6861367617689117,,,,,,,,,,0.30757646520378723,,,,,,,0.04524091514143025,0.262335550062357
Hawaii,HI,15,West,Pacific,2018,512457.6,0.3601248067463106,0.0005635520462755,13.146975206243976,1423.0,88.8364,90.9335,294.449,18.927,6.427938284728424,20045.0,14.086437104708365,225.63949011891523,0.30757646520378723,13.146975206243976,0.05635520462755,62428.952916373855,11.04178443579234,14.16827787707199,2.940589474056782,2.645212426986755,5.418938549158689,206.92129304286718,1,0,-0.4812193400633731,-0.4963694368446294,-0.7562686842177919,-0.3385208010728655,-0.3280127244338535,-0.5277702436135405,-0.688346045781283,0.262335550062357,5.440593652197728,6.465928386359178,207.32258064516128,-0.2929012329392876,-0.5228386096630109,-0.6861367617689117,0.262335550062357,,0.3651290575664308,0.04524091514143025,0.017990806870324505,-0.037990101630754225,-0.009936206659129976,-0.021655103039038615,-0.0036642961687149977,0.057552592362643595,0.30757646520378723
Hawaii,HI,15,West,Pacific,2019,624031.1,0.440699929378531,0.0006692725884328,13.343957088336149,1416.0,88.8552,93.2402,296.631,18.371,6.193216487824941,20293.0,14.331214689265536,228.3828070838848,0.3651290575664308,13.343957088336147,0.06692725884328,62750.84745762712,11.046927362203665,14.163346553235803,2.9107733343268,2.6624400037233036,5.431023199483913,209.48516949152543,2,0,-0.4812193400633731,-0.4963694368446294,-0.7562686842177919,-0.3385208010728655,-0.308418724056946,-0.558240338002587,-0.6742306551852766,0.30757646520378723,5.418938549158689,6.427938284728424,206.92129304286718,-0.3280127244338535,-0.5277702436135405,-0.688346045781283,0.30757646520378723,0.262335550062357,0.40637073971028764,0.057552592362643595,0.005142926411323856,-0.23472179690348316,-0.029816139729982094,0.012084650325223656,0.0172275767365484,0.04124168214385682,0.3651290575664308
Hawaii,HI,15,West,Pacific,2020,727472.0,0.5013590627153687,0.0008579893381138,13.497332163937005,1451.0,79.6968,84.788,219.585,18.358,8.360316050732063,14737.0,10.156443831840113,184.9133214884412,0.40637073971028764,13.497332163937003,0.08579893381138,54925.430737422466,10.913731739505582,14.187763531866326,2.9100654467968994,2.3181083643290754,5.219887182787766,151.33356305995864,3,0,-0.4812193400633731,-0.4963694368446294,-0.7562686842177919,-0.3385208010728655,-0.6507537589472893,-0.276921222763394,-0.9943836169227152,0.3651290575664308,5.431023199483913,6.193216487824941,209.48516949152543,-0.308418724056946,-0.558240338002587,-0.6742306551852766,0.3651290575664308,0.30757646520378723,0.39724807266378004,0.04124168214385682,-0.13319562269808216,2.167099562907122,-0.000707887529900475,-0.21113601669614646,-0.3443316393942282,-0.009122667046507604,0.40637073971028764
Hawaii,HI,15,West,Pacific,2021,705738.0,0.4877249481686247,0.0007533159273388,13.467000759738513,1447.0,84.532,93.6842,255.903,20.086,7.8490678108502046,17178.0,11.871458189357291,203.21298443193112,0.39724807266378004,13.467000759738513,0.07533159273388,58418.79751209399,10.975392992232695,14.185003005613622,3.0000230549711473,2.4741370476946862,5.3142546134262645,176.85072563925362,4,0,-0.4812193400633731,-0.4963694368446294,-0.7562686842177919,-0.3385208010728655,-0.49774681031931517,-0.34328822544887383,-0.8538991887838154,0.40637073971028764,5.219887182787766,8.360316050732063,151.33356305995864,-0.6507537589472893,-0.276921222763394,-0.9943836169227152,0.40637073971028764,0.3651290575664308,0.6454908556188418,-0.009122667046507604,0.06166125272711298,-0.5112482398818585,0.08995760817424792,0.09436743063849828,0.15602868336561082,0.24824278295506175,0.39724807266378004
Hawaii,HI,15,West,Pacific,2022,1304155.02,0.9069228233657858,0.001254544074571,14.08106666155084,1438.0,87.49119999999999,103.9545,270.404,20.471,7.570524104673009,18103.0,12.589012517385257,206.91223803079623,0.6454908556188418,14.081066661550839,0.1254544074571,60842.280945757986,11.016040236560634,14.178763817263128,3.0190092504584842,2.5328244110949516,5.332294732498592,188.04172461752435,5,1,-0.4812193400633731,-0.4963694368446294,-0.7562686842177919,-0.3385208010728655,-0.4684966383747585,-0.3794470020544565,-0.7922872800584679,0.39724807266378004,5.3142546134262645,7.8490678108502046,176.85072563925362,-0.49774681031931517,-0.34328822544887383,-0.8538991887838154,0.39724807266378004,0.40637073971028764,2.097007803945413,0.24824278295506175,0.04064724432793909,-0.2785437061771958,0.018986195487336932,0.018040119072327165,0.05868736340026537,1.4515169483265713,0.6454908556188418
Hawaii,HI,15,West,Pacific,2023,10248442.32,7.141771651567945,0.0091716699272061,16.142636380795576,1435.0,89.6422,111.7402,271.755,20.963,7.713933506283234,17967.0,12.520557491289198,200.43015454774647,2.097007803945413,16.142636380795576,0.91716699272061,62468.43205574913,11.042416621017018,14.176675407175859,3.0427589789817455,2.5273718927388504,5.3004658296861065,189.37630662020905,6,1,-0.4812193400633731,-0.4963694368446294,-0.7562686842177919,-0.3385208010728655,-0.5201038853302342,-0.36083050345489504,-0.7849397550791914,0.6454908556188418,5.332294732498592,7.570524104673009,188.04172461752435,-0.4684966383747585,-0.3794470020544565,-0.7922872800584679,0.6454908556188418,0.39724807266378004,4.721649255039519,1.4515169483265713,0.026376384456384017,0.1434094016102252,0.023749728523261293,-0.03182890281248518,-0.005452518356101166,2.6246414510941056,2.097007803945413
Hawaii,HI,15,West,Pacific,2024,159792128.08,111.35339935888504,0.1358460087360598,18.889384335264868,1435.0,91.878,117.6274,271.819,21.274,7.826531625824537,17955.0,12.51219512195122,195.42219029582708,4.721649255039519,18.889384335264868,13.584600873605979,64026.48083623694,11.067052039831678,14.176675407175859,3.057485669829473,2.526703778466462,5.275162296599057,189.42090592334495,7,1,-0.4812193400633731,-0.4963694368446294,-0.7562686842177919,-0.3385208010728655,-0.5611309257080498,-0.3462137299991967,-0.7846942141583713,2.097007803945413,5.3004658296861065,7.713933506283234,189.37630662020905,-0.5201038853302342,-0.36083050345489504,-0.7849397550791914,2.097007803945413,0.6454908556188418,,2.6246414510941056,0.02463541881465936,0.11259811954130328,0.014726690847727486,-0.025303533087049246,-0.0006681142723885536,,4.721649255039519
Idaho,ID,16,West,Mountain,2017,2291017.0,1.3319866279069768,0.0031411720831259,14.644506818235843,1720.0,72.9351,72.9351,468.82,94.432,20.1424853888486,18664.0,10.851162790697677,255.8987373706213,0.8467205342981249,14.644506818235845,0.31411720831259,42404.12790697674,10.655000992777854,14.357834848789636,4.5478799987605285,2.3842722438937676,5.544781809080187,272.56976744186045,0,0,1.2701550829051294,-0.40799623997778617,-0.3683769288748832,-0.8980755981933445,-0.12397100076176469,1.252565244093204,-0.3269191686559587,,,,,,,,,,0.9083805331473715,,,,,,,0.06165999884924667,0.8467205342981249
Idaho,ID,16,West,Mountain,2018,2593490.0,1.480302511415525,0.0032798928576848,14.768515402553572,1752.0,77.6521,79.07239999999999,467.215,98.338,21.04769752683454,18994.0,10.841324200913242,244.6038162522327,0.9083805331473715,14.768515402553573,0.32798928576847997,44321.97488584475,10.699235880127075,14.376268550478473,4.588410524172751,2.383365147306561,5.499639825143761,266.6752283105023,1,0,1.2701550829051294,-0.40799623997778617,-0.3683769288748832,-0.8980755981933445,-0.19716402053979665,1.3700741403713108,-0.35937148213077835,0.8467205342981249,5.544781809080187,20.1424853888486,272.56976744186045,-0.12397100076176469,1.252565244093204,-0.3269191686559587,0.8467205342981249,,0.9219080164607202,0.06165999884924667,0.0442348873492211,0.9052121379859415,0.04053052541222257,-0.045141983936426655,-0.0009070965872064463,0.013527483313348632,0.9083805331473715
Idaho,ID,16,West,Mountain,2019,2708694.0,1.5140827277808833,0.0032082355198544,14.811977527058035,1789.0,81.1443,84.4294,485.154,96.734,19.938823548811303,20026.0,11.193963107881498,246.7949073440772,0.9219080164607202,14.811977527058037,0.32082355198544,45357.35047512577,10.72232752565344,14.397167362490856,4.5719649435569885,2.415374624759029,5.508557657069861,271.18725544997204,2,0,1.2701550829051294,-0.40799623997778617,-0.3683769288748832,-0.8980755981933445,-0.18270468597746362,1.2261271562323866,-0.3345305716076806,0.9083805331473715,5.499639825143761,21.04769752683454,266.6752283105023,-0.19716402053979665,1.3700741403713108,-0.35937148213077835,0.9083805331473715,0.8467205342981249,0.9680807444127819,0.013527483313348632,0.023091645526365667,-1.1088739780232366,-0.016445580615762623,0.008917831926100739,0.03200947745246774,0.04617272795206173,0.9219080164607202
Idaho,ID,16,West,Mountain,2020,3019207.0,1.6328864250946458,0.0034287039728902,14.920505103301444,1849.0,82.7116,88.05680000000001,463.09,79.773,17.22624111943683,19323.0,10.450513791238508,233.6189845197046,0.9680807444127819,14.920505103301444,0.34287039728901997,44733.153055705785,10.708470184792201,14.430155510369262,4.379185101339225,2.346651143827876,5.453691516999948,250.454299621417,3,0,1.2701550829051294,-0.40799623997778617,-0.3683769288748832,-0.8980755981933445,-0.2716644109407466,0.8739969162994679,-0.44867560768496767,0.9219080164607202,5.508557657069861,19.938823548811303,271.18725544997204,-0.18270468597746362,1.2261271562323866,-0.3345305716076806,0.9219080164607202,0.9083805331473715,0.9265883946201539,0.04617272795206173,-0.013857340861239464,-2.712582429374475,-0.19277984221776379,-0.05486614006991353,-0.06872348093115299,-0.04149234979262806,0.9680807444127819
Idaho,ID,16,West,Mountain,2021,2906796.0,1.5258771653543306,0.0029101688857385,14.882562345661336,1905.0,88.95519999999999,99.8841,490.781,74.428,15.165216257353077,20437.0,10.728083989501313,229.74486033419072,0.9265883946201539,14.882562345661336,0.29101688857385,46695.64304461941,10.75140614261549,14.459992566542939,4.309832215125395,2.372864974947735,5.436969390296519,257.6278215223097,4,0,1.2701550829051294,-0.40799623997778617,-0.3683769288748832,-0.8980755981933445,-0.2987775956926284,0.6064477456884125,-0.40918187013256024,0.9680807444127819,5.453691516999948,17.22624111943683,250.454299621417,-0.2716644109407466,0.8739969162994679,-0.44867560768496767,0.9680807444127819,0.9219080164607202,1.4109165495793357,-0.04149234979262806,0.04293595782328907,-2.0610248620837517,-0.06935288621382973,-0.016722126703428764,0.026213831119858977,0.4843281549591818,0.9265883946201539
Idaho,ID,16,West,Mountain,2022,6022739.0,3.0997112712300567,0.0053483305612216,15.61105286323755,1943.0,92.7925,112.6097,513.797,79.076,15.39051415247656,20872.0,10.7421513124035,224.9319718727268,1.4109165495793357,15.61105286323755,0.5348330561221599,47757.334019557384,10.773887926147443,14.479743728359578,4.3704094153336905,2.374175377439124,5.415798009255956,264.43489449305196,5,1,1.2701550829051294,-0.40799623997778617,-0.3683769288748832,-0.8980755981933445,-0.33310478240671926,0.6356944889420392,-0.3717056127068843,0.9265883946201539,5.436969390296519,15.165216257353077,257.6278215223097,-0.2987775956926284,0.6064477456884125,-0.40918187013256024,0.9265883946201539,0.9680807444127819,2.3836163318237173,0.4843281549591818,0.02248178353195307,0.22529789512348408,0.0605772002082956,-0.021171381040563375,0.001310402491389251,0.9726997822443817,1.4109165495793357
Idaho,ID,16,West,Mountain,2023,19392774.0,9.84404771573604,0.0160818306283953,16.780411131986593,1970.0,95.2865,120.5881,512.597,77.869,15.191076030487888,21819.0,11.075634517766495,228.98311932960075,2.3836163318237173,16.780411131986593,1.60818306283953,48368.78172588832,10.786609878935614,14.493544100714171,4.355027927590423,2.404747607090616,5.433648286119276,260.2015228426396,6,1,1.2701550829051294,-0.40799623997778617,-0.3683769288748832,-0.8980755981933445,-0.3041624198082945,0.6098046973592497,-0.39501238882509504,1.4109165495793357,5.415798009255956,15.39051415247656,264.43489449305196,-0.33310478240671926,0.6356944889420392,-0.3717056127068843,1.4109165495793357,0.9265883946201539,3.9999321427286563,0.9726997822443817,0.01272195278817101,-0.19943812198867228,-0.015381487743267641,0.01785027686331997,0.030572229651491867,1.616315810904939,2.3836163318237173
Idaho,ID,16,West,Mountain,2024,107242485.0,53.59444527736132,0.0831219820149405,18.490603052711982,2001.0,99.5673,129.0182,493.435,78.864,15.982652223697144,21105.0,10.547226386806596,211.96718199649885,3.9999321427286563,18.490603052711982,8.31219820149405,49758.77061469265,10.814942020811486,14.50915761356587,4.367724849963022,2.3558629236328654,5.356431460785654,246.59420289855072,7,1,1.2701550829051294,-0.40799623997778617,-0.3683769288748832,-0.8980755981933445,-0.42936145031169337,0.712562096294492,-0.4699273232308304,2.3836163318237173,5.433648286119276,15.191076030487888,260.2015228426396,-0.3041624198082945,0.6098046973592497,-0.39501238882509504,2.3836163318237173,1.4109165495793357,,1.616315810904939,0.02833214187587174,0.7915761932092558,0.012696922372598785,-0.07721682533362184,-0.048884683457750544,,3.9999321427286563
Illinois,IL,17,Midwest,East North Central,2017,13065507.88,1.0223402097026604,0.0015688145338262,16.38548640604438,12780.0,832.8268,832.8268,3830.008,210.459,5.495001577020205,203549.0,15.92715179968701,244.4073605700489,0.7042553605018598,16.38548640604438,0.15688145338262,65166.41627543036,11.084699527411304,16.363392006913664,5.349290859804657,2.768025313189693,5.498836343742663,299.68763693270733,0,0,-0.6055529994881227,-0.4481045063328825,-0.20716234608007905,-0.021815871911674323,-0.19846678184875166,-0.6488781676235321,-0.17762206808968567,,,,,,,,,,0.7938734015157862,,,,,,,0.08961804101392645,0.7042553605018598
Illinois,IL,17,Midwest,East North Central,2018,15422033.41,1.2119476157170923,0.0017705631381998,16.55130785060067,12725.0,851.5172,871.0242,3957.944,204.322,5.162326702954868,210490.0,16.541453831041256,247.19406724843608,0.7938734015157862,16.55130785060067,0.17705631381998,66916.87229862476,11.111206416091964,16.35907912040086,5.319697180803275,2.8058695836191645,5.510173725491475,311.0368565815324,1,0,-0.6055529994881227,-0.4481045063328825,-0.20716234608007905,-0.021815871911674323,-0.18008439954715533,-0.6920639089878211,-0.1151390773875116,0.7042553605018598,5.498836343742663,5.495001577020205,299.68763693270733,-0.19846678184875166,-0.6488781676235321,-0.17762206808968567,0.7042553605018598,,0.8557542579449028,0.08961804101392645,0.026506888680659202,-0.33267487406533736,-0.029593679001381545,0.01133738174881227,0.03784427042947147,0.06188085642911656,0.7938734015157862
Illinois,IL,17,Midwest,East North Central,2019,17140333.22,1.353148592405463,0.0019138341637991,16.656944970360367,12667.0,858.0183000000001,895.6018,3883.106,208.688,5.374254527174895,201210.0,15.884581984684614,234.50548782001505,0.8557542579449028,16.656944970360367,0.19138341637991,67736.50430251837,11.12338052041248,16.35451074446577,5.340840313627927,2.76534895227826,5.457478989830054,306.5529328175574,2,0,-0.6055529994881227,-0.4481045063328825,-0.20716234608007905,-0.021815871911674323,-0.26552341868499735,-0.6645527835071962,-0.13982526511872811,0.7938734015157862,5.510173725491475,5.162326702954868,311.0368565815324,-0.18008439954715533,-0.6920639089878211,-0.1151390773875116,0.7938734015157862,0.7042553605018598,0.9339732157908519,0.06188085642911656,0.012174104320516577,0.21192782422002754,0.021143132824652078,-0.052694735661420466,-0.040520631340904334,0.07821895784594912,0.8557542579449028
Illinois,IL,17,Midwest,East North Central,2020,19763148.83,1.544599361469324,0.0022958840324169,16.799329641932697,12795.0,810.6931,860.8078,3544.398,207.628,5.857920019140062,167731.0,13.109105119187182,206.89827013453055,0.9339732157908519,16.799329641932697,0.22958840324169,63360.14849550606,11.056590370164633,16.364565027576027,5.335748016956103,2.573307036039817,5.332227223839458,277.0143024618992,3,0,-0.6055529994881227,-0.4481045063328825,-0.20716234608007905,-0.021815871911674323,-0.46860609662608704,-0.6017663981466445,-0.30244983517528023,0.8557542579449028,5.457478989830054,5.374254527174895,306.5529328175574,-0.26552341868499735,-0.6645527835071962,-0.13982526511872811,0.8557542579449028,0.7938734015157862,0.9038547862167108,0.07821895784594912,-0.06679015024784718,0.4836654919651666,-0.0050922966718243146,-0.12525176599059673,-0.19204191623844302,-0.030118429574141126,0.9339732157908519
Illinois,IL,17,Midwest,East North Central,2021,18662011.0,1.4691026529166338,0.00197017948977,16.742000571793795,12703.0,857.1146,947.2239,3627.711,224.076,6.17678751146384,182652.0,14.378650712430137,213.1010252304651,0.9038547862167108,16.742000571793795,0.197017948977,67473.39998425568,11.119488724885613,16.3573487440056,5.411985280024943,2.6657445170442067,5.361766350122868,285.57907580886405,4,0,-0.6055529994881227,-0.4481045063328825,-0.20716234608007905,-0.021815871911674323,-0.42071148354633753,-0.5603730434736686,-0.25529657971246655,0.9339732157908519,5.332227223839458,5.857920019140062,277.0143024618992,-0.46860609662608704,-0.6017663981466445,-0.30244983517528023,0.9339732157908519,0.8557542579449028,2.0093009229503793,-0.030118429574141126,0.06289835472098027,0.3188674923237782,0.07623726306884038,0.029539126283410155,0.09243748100438953,1.1054461367336685,0.9038547862167108
Illinois,IL,17,Midwest,East North Central,2022,81436662.9,6.458101736716892,0.0078475325851211,18.21533614602764,12610.0,872.9075,1037.7359,3668.788,249.562,6.802300923356705,183070.0,14.517842981760507,209.72439806050468,2.0093009229503793,18.21533614602764,0.78475325851211,69223.43378271213,11.145094722759191,16.350000707941103,5.519707381315297,2.675378443386095,5.345794278591177,290.9427438540841,5,1,-0.6055529994881227,-0.4481045063328825,-0.20716234608007905,-0.021815871911674323,-0.44660853204915746,-0.4791728611581451,-0.22576697054381084,0.9038547862167108,5.361766350122868,6.17678751146384,285.57907580886405,-0.42071148354633753,-0.5603730434736686,-0.25529657971246655,0.9038547862167108,0.9339732157908519,2.444173899737365,1.1054461367336685,0.02560599787357809,0.6255134118928645,0.10772210129035376,-0.015972071531690446,0.009633926341888532,0.4348729767869859,2.0093009229503793
Illinois,IL,17,Midwest,East North Central,2023,132912148.52,10.52102814216734,0.0120742061135683,18.70519893801521,12633.0,884.9653000000001,1100.7941,3479.416,246.514,7.084924596541489,166195.0,13.155624158948784,187.798323843884,2.444173899737365,18.705198938015215,1.20742061135683,70051.87208105756,11.156991276333924,16.351822995812174,5.507418787001808,2.5768493598850473,5.2353686415153975,275.42278160373627,6,1,-0.6055529994881227,-0.4481045063328825,-0.20716234608007905,-0.021815871911674323,-0.6256521879476608,-0.4424844491225962,-0.3112119338974779,2.0093009229503793,5.345794278591177,6.802300923356705,290.9427438540841,-0.44660853204915746,-0.4791728611581451,-0.22576697054381084,2.0093009229503793,0.9038547862167108,4.281672869121721,0.4348729767869859,0.011896553574732849,0.28262367318478443,-0.012288594313488943,-0.1104256370757799,-0.09852908350104794,1.8374989693843555,2.444173899737365
Illinois,IL,17,Midwest,East North Central,2024,906503736.5,71.36138994725655,0.0789564428322434,20.62510571115123,12703.0,899.1259,1148.1061000000002,3434.701,260.333,7.57949527484343,163981.0,12.90884043139416,182.3782409115342,4.281672869121721,20.62510571115123,7.89564428322434,70780.59513500748,11.167340162101,16.3573487440056,5.561961580761025,2.557912381412785,5.206082777276058,270.38502715893884,7,1,-0.6055529994881227,-0.4481045063328825,-0.20716234608007905,-0.021815871911674323,-0.6731361630318184,-0.3782824216640578,-0.3389472297040668,2.444173899737365,5.2353686415153975,7.084924596541489,275.42278160373627,-0.6256521879476608,-0.4424844491225962,-0.3112119338974779,2.444173899737365,2.0093009229503793,,1.8374989693843555,0.010348885767076155,0.49457067830194124,0.05454279375921711,-0.029285864239339432,-0.01893697847226239,,4.281672869121721
Indiana,IN,18,Midwest,East North Central,2017,7217813.99,1.083430499849895,0.0020187667892278,15.792062832102424,6662.0,357.5358,357.5358,2631.104,151.217,5.747283269684514,175199.0,26.298258781146803,490.01806252688544,0.7340158139205424,15.792062832102424,0.20187667892277997,53667.937556289406,10.89057103619119,15.711930297735762,5.018715891287654,3.269502730951957,6.1944422527250405,394.9420594416091,0,0,-0.5732466446186151,0.4091486866227519,0.3591211515713813,0.588696108521092,0.9293856653446291,-0.6161285589824956,0.346799996169229,,,,,,,,,,0.7967428301126998,,,,,,,0.06272701619215737,0.7340158139205424
Indiana,IN,18,Midwest,East North Central,2018,8160198.56,1.2183037563451775,0.0021623471282953,15.914779182523604,6698.0,368.7629,377.3769,2769.168,155.711,5.623024677448245,188552.0,28.1504926843834,511.3095704584165,0.7967428301126998,15.914779182523603,0.21623471282953,55055.673335323976,10.916100194703109,15.717319532336287,5.0480017250278175,3.337564856542074,6.236975219803239,413.43206927441025,1,0,-0.5732466446186151,0.4091486866227519,0.3591211515713813,0.588696108521092,0.9983484363419595,-0.6322590210189891,0.44859652035453956,0.7340158139205424,6.1944422527250405,5.747283269684514,394.9420594416091,0.9293856653446291,-0.6161285589824956,0.346799996169229,0.7340158139205424,,0.8433552980893853,0.06272701619215737,0.025529158511918837,-0.12425859223626912,0.029285833740163802,0.042532967078198425,0.06806212559011726,0.0466124679766855,0.7967428301126998
Indiana,IN,18,Midwest,East North Central,2019,8912868.0,1.3241521319269054,0.0023160009635205,16.003006745372172,6731.0,370.5072,384.8387,2732.808,149.685,5.47733320452809,175820.0,26.120932996582976,474.5386864276861,0.8433552980893853,16.003006745372172,0.23160009635204998,55044.896746397266,10.915904435699261,15.72223427899285,5.008533086004386,3.2627370233944566,6.162343145659469,406.0032684593671,2,0,-0.5732466446186151,0.4091486866227519,0.3591211515713813,0.588696108521092,0.8773403103682901,-0.6511717636365046,0.4076973478459964,0.7967428301126998,6.236975219803239,5.623024677448245,413.43206927441025,0.9983484363419595,-0.6322590210189891,0.44859652035453956,0.7967428301126998,0.7340158139205424,0.9165563814168239,0.0466124679766855,-0.00019575900384793954,-0.14569147292015483,-0.039468639023431784,-0.0746320741437696,-0.07482783314761754,0.07320108332743869,0.8433552980893853
Indiana,IN,18,Midwest,East North Central,2020,10189510.0,1.5006642120765832,0.0026935497088235,16.136869415823686,6790.0,359.9636,378.293,2502.235,139.421,5.571858758270106,153976.0,22.676877761413845,427.7543618299184,0.9165563814168239,16.136869415823686,0.26935497088235,53013.78497790869,10.878307252638503,15.730961499534878,4.937498132604614,3.121345804542218,6.058549109867989,368.5176730486009,3,0,-0.5732466446186151,0.4091486866227519,0.3591211515713813,0.588696108521092,0.7090491044428608,-0.6389010560043522,0.20132085836120212,0.8433552980893853,6.162343145659469,5.47733320452809,406.0032684593671,0.8773403103682901,-0.6511717636365046,0.4076973478459964,0.8433552980893853,0.7967428301126998,0.8117561646920266,0.07320108332743869,-0.037597183060757544,0.09452555374201577,-0.07103495339977162,-0.10379403579148061,-0.1413912188522386,-0.10480021672479733,0.9165563814168239
Indiana,IN,18,Midwest,East North Central,2021,8530168.26,1.2518591517464044,0.0020058198809276,15.95911976217838,6814.0,386.8728,425.2709,2649.744,157.321,5.937215066814002,165787.0,24.33034928089228,428.5310313880945,0.8117561646920266,15.95911976217838,0.20058198809275998,56776.16671558556,10.946871916574779,15.73448987720305,5.058288304014294,3.191724512668229,6.060363154057725,388.8676254769592,4,0,-0.5732466446186151,0.4091486866227519,0.3591211515713813,0.588696108521092,0.7119903879372818,-0.5914728181763003,0.31335727387831935,0.9165563814168239,6.058549109867989,5.571858758270106,368.5176730486009,0.7090491044428608,-0.6389010560043522,0.20132085836120212,0.9165563814168239,0.8433552980893853,1.8152510656800278,-0.10480021672479733,0.06856466393627514,0.36535630854389556,0.12079017140967974,0.001814044189736741,0.07037870812601099,1.0034949009880012,0.8117561646920266
Indiana,IN,18,Midwest,East North Central,2022,35180651.0,5.142618184475954,0.0075223830588291,17.37600683035948,6841.0,393.4815,467.6796,2624.825,173.429,6.607259531587821,163535.0,23.905130828826195,415.6103908315893,1.8152510656800278,17.37600683035948,0.75223830588291,57518.126004970036,10.959855411978413,15.738444477743135,5.155768293730764,3.174093114927604,6.029748260913464,383.69024996345564,5,1,-0.5732466446186151,0.4091486866227519,0.3591211515713813,0.588696108521092,0.6623515310681202,-0.5044918971205896,0.28485329597659675,0.8117561646920266,6.060363154057725,5.937215066814002,388.8676254769592,0.7119903879372818,-0.5914728181763003,0.31335727387831935,0.8117561646920266,0.9165563814168239,1.920337745613682,1.0034949009880012,0.012983495403634748,0.6700444647738193,0.09747998971647043,-0.03061489314426158,-0.017631397740625054,0.10508667993365428,1.8152510656800278
Indiana,IN,18,Midwest,East North Central,2023,40069870.0,5.823262607179189,0.0080647902433231,17.506135263241035,6881.0,400.3695,496.8495,2553.684,175.175,6.859697597666743,153606.0,22.32320883592501,383.66059352672966,1.920337745613682,17.506135263241035,0.80647902433231,58184.78418834472,10.971379159475312,15.744274548184617,5.165785474256598,3.105626892230309,5.949758290719271,371.1210579857579,6,1,-0.5732466446186151,0.4091486866227519,0.3591211515713813,0.588696108521092,0.5326561353426484,-0.4717219890750408,0.2156537624599787,1.8152510656800278,6.029748260913464,6.607259531587821,383.69024996345564,0.6623515310681202,-0.5044918971205896,0.28485329597659675,1.8152510656800278,0.8117561646920266,4.7759809360115915,0.10508667993365428,0.011523747496898551,0.2524380660789225,0.01001718052583378,-0.07998997019419285,-0.06846622269729474,2.8556431903979096,1.920337745613682
Indiana,IN,18,Midwest,East North Central,2024,815740628.37,117.62662269214132,0.1570191954192023,20.519607006237187,6935.0,412.0034,519.5165,2540.438,188.482,7.41927179486372,152299.0,21.960922855082917,369.6547164416604,4.7759809360115915,20.519607006237187,15.701919541920232,59409.28622927181,10.992205826958003,15.75209161173107,5.239002511612356,3.089264640124584,5.912569371130856,366.321268925739,7,1,-0.5732466446186151,0.4091486866227519,0.3591211515713813,0.588696108521092,0.4723581801001003,-0.39908161723399777,0.1892285821842048,1.920337745613682,5.949758290719271,6.859697597666743,371.1210579857579,0.5326561353426484,-0.4717219890750408,0.2156537624599787,1.920337745613682,1.8152510656800278,,2.8556431903979096,0.020826667482690908,0.5595741971969765,0.07321703735575813,-0.03718891958841475,-0.016362252105725172,,4.7759809360115915
Iowa,IA,19,Midwest,West North Central,2017,5377660.58,1.710451838422392,0.0028738333092852,15.497764187092413,3144.0,187.125,187.125,1450.929,342.722,23.62086635527996,73839.0,23.485687022900763,394.5971943887776,0.9971153510388634,15.497764187092413,0.28738333092852,59518.12977099237,10.99403624715497,14.961006432531235,5.8369196229099565,3.1563911727406992,5.977865483550004,461.49141221374043,0,0,1.715584985828759,0.07610194544138858,0.7547542283528987,-0.38824450941456073,0.5782290176435686,1.7041065911961653,0.7131866482177924,,,,,,,,,,1.0773912463730158,,,,,,,0.08027589533415236,0.9971153510388634
Iowa,IA,19,Midwest,West North Central,2018,6101574.0,1.937007619047619,0.0031588987295701,15.624057492537814,3150.0,189.2451,193.1551,1521.108,351.235,23.09073385979168,79855.0,25.35079365079365,421.9660112732113,1.0773912463730158,15.624057492537814,0.31588987295701,60077.80952380953,11.003395826449283,14.962913010801817,5.8614555151097525,3.232810037270731,6.044924768785722,482.89142857142855,1,0,1.715584985828759,0.07610194544138858,0.7547542283528987,-0.38824450941456073,0.6869586560544747,1.635288154266463,0.8310041779227735,0.9971153510388634,5.977865483550004,23.62086635527996,461.49141221374043,0.5782290176435686,1.7041065911961653,0.7131866482177924,0.9971153510388634,,1.0962960428398063,0.08027589533415236,0.009359579294313747,-0.5301324954882816,0.024535892199796017,0.06705928523571814,0.07641886453003188,0.018904796466790552,1.0773912463730158
Iowa,IA,19,Midwest,West North Central,2019,6298067.4,1.9930593037974684,0.0032090019234443,15.655753541174796,3160.0,188.4714,196.2625,1503.248,369.139,24.556094536630017,75125.0,23.77373417721519,398.60159154121,1.0962960428398063,15.655753541174795,0.32090019234443,59642.84810126582,10.99612952262218,14.966082585563095,5.9111732668761805,3.168581365256551,5.987962400598645,475.7113924050633,2,0,1.715584985828759,0.07610194544138858,0.7547542283528987,-0.38824450941456073,0.5946001157831435,1.8255119797751822,0.7914745761610594,1.0773912463730158,6.044924768785722,23.09073385979168,482.89142857142855,0.6869586560544747,1.635288154266463,0.8310041779227735,1.0773912463730158,0.9971153510388634,1.1575111117428734,0.018904796466790552,-0.007266303827103471,1.465360676838337,0.04971775176642801,-0.056962368187076784,-0.06422867201418025,0.06121506890306705,1.0962960428398063
Iowa,IA,19,Midwest,West North Central,2020,6962774.0,2.1820037605766216,0.0034909942160826,15.75608865974468,3191.0,187.2617,199.4496,1349.865,366.009,27.11448922670045,63357.0,19.85490441867753,338.333999958347,1.1575111117428734,15.75608865974468,0.34909942160826,58684.33093074271,10.97992803544244,14.97584490526038,5.902657923262968,2.9884510506042408,5.824033573126075,423.0225634597305,3,0,1.715584985828759,0.07610194544138858,0.7547542283528987,-0.38824450941456073,0.32880661569491426,2.1576265456965404,0.5013968694140151,1.0962960428398063,5.987962400598645,24.556094536630017,475.7113924050633,0.5946001157831435,1.8255119797751822,0.7914745761610594,1.0962960428398063,1.0773912463730158,1.1305108109934816,0.06121506890306705,-0.01620148717974068,2.5583946900704326,-0.0085153436132126,-0.16392882747257076,-0.1801303146523101,-0.027000300749391748,1.1575111117428734
Iowa,IA,19,Midwest,West North Central,2021,6709065.0,2.0972381994373244,0.0029810739849272,15.71897030402831,3199.0,202.4706,225.0553,1385.997,389.786,28.12314889570468,71166.0,22.24632697718037,351.48806789726507,1.1305108109934816,15.71897030402831,0.29810739849272,63291.841200375115,11.055511708835775,14.978348818931655,5.965597870574187,3.1021769153078127,5.862175764436311,433.259456080025,4,0,1.715584985828759,0.07610194544138858,0.7547542283528987,-0.38824450941456073,0.3906502016321038,2.288564344087804,0.5577559571931677,1.1575111117428734,5.824033573126075,27.11448922670045,423.0225634597305,0.32880661569491426,2.1576265456965404,0.5013968694140151,1.1575111117428734,1.0962960428398063,1.6667075942871568,-0.027000300749391748,0.07558367339333572,1.0086596690042313,0.06293994731121888,0.03814219131023666,0.11372586470357193,0.5361967832936751,1.1305108109934816
Iowa,IA,19,Midwest,West North Central,2022,13751651.0,4.294706745783885,0.0056323030937495,16.436669520314513,3202.0,202.6725,244.1568,1428.619,423.485,29.642962889335788,71577.0,22.353841349156777,353.1658217074344,1.6667075942871568,16.436669520314513,0.56323030937495,63295.596502186134,11.055571040186189,14.979286172538798,6.048518094338509,3.1069981787366947,5.86693769651478,446.1645846346034,5,1,1.715584985828759,0.07610194544138858,0.7547542283528987,-0.38824450941456073,0.3983711779474528,2.485856953682027,0.6288049854468029,1.1305108109934816,5.862175764436311,28.12314889570468,433.259456080025,0.3906502016321038,2.288564344087804,0.5577559571931677,1.1305108109934816,1.1575111117428734,2.461582227936085,0.5361967832936751,5.933135041402693e-05,1.5198139936311073,0.08292022376432229,0.004761932078468867,0.0048212634288820055,0.7948746336489283,1.6667075942871568
Iowa,IA,19,Midwest,West North Central,2023,34475557.0,10.723345878693625,0.0136177404988416,17.355761167154423,3215.0,201.3598,253.1665,1403.266,416.511,29.6815429148857,67890.0,21.116640746500774,337.1576650354242,2.461582227936085,17.355761167154423,1.36177404988416,62631.35303265941,11.045021278873193,14.983337915653857,6.03191287182237,3.0500613906239726,5.820550669715053,436.4746500777605,6,1,1.715584985828759,0.07610194544138858,0.7547542283528987,-0.38824450941456073,0.32315945099327237,2.490865167812737,0.5754571686316995,1.6667075942871568,5.86693769651478,29.642962889335788,446.1645846346034,0.3983711779474528,2.485856953682027,0.6288049854468029,1.6667075942871568,1.1305108109934816,2.3291581326518314,0.7948746336489283,-0.010549761312995898,0.03858002554991202,-0.01660522251613905,-0.04638702679972706,-0.05693678811272207,-0.1324240952842537,2.461582227936085
Iowa,IA,19,Midwest,West North Central,2024,29939814.81,9.269292510835912,0.0112642717625834,17.214699784966225,3230.0,206.4389,265.7945,1398.574,440.414,31.490217893368527,65232.0,20.195665634674924,315.986957884391,2.3291581326518314,17.214699784966225,1.12642717625834,63912.97213622291,11.065277626589179,14.98799269519884,6.087715193625727,3.0054680088423327,5.755700940217428,432.9950464396285,7,1,1.715584985828759,0.07610194544138858,0.7547542283528987,-0.38824450941456073,0.2180123768105289,2.7256558776680286,0.5563002531347683,2.461582227936085,5.820550669715053,29.6815429148857,436.4746500777605,0.32315945099327237,2.490865167812737,0.5754571686316995,2.461582227936085,1.6667075942871568,,-0.1324240952842537,0.020256347715985612,1.808674978482827,0.0558023218033572,-0.06484972949762469,-0.04459338178163996,,2.3291581326518314
Kansas,KS,20,Midwest,West North Central,2017,3003032.0,1.031615252490553,0.001806078655902,14.915133335916078,2911.0,166.27360000000002,166.27360000000002,985.825,111.662,11.326756777318488,58750.0,20.18206801786328,353.3333012576861,0.7088311675415755,14.915133335916078,0.1806078655902,57119.06561319136,10.95289323856719,14.88400722272776,4.715476451238911,3.0047944882607824,5.867411807657866,338.6551013397458,0,0,0.14124218419420928,-0.06792111161019211,0.024497575399832706,-0.08103664201835087,0.39913989972808417,0.10816329060954691,0.0369128331256899,,,,,,,,,,0.7723423454582802,,,,,,,0.06351117791670469,0.7088311675415755
Kansas,KS,20,Midwest,West North Central,2018,3393153.0,1.1648311019567457,0.001957140385181,15.037270430299012,2913.0,169.7969,173.373,1044.285,114.768,10.99010327640443,62600.0,21.48987298317885,368.6757532086864,0.7723423454582802,15.037270430299012,0.1957140385181,58289.35805012015,10.973174817942756,14.884694035941571,4.742912699384078,3.067581800128755,5.909917540150274,358.4912461380021,1,0,0.14124218419420928,-0.06792111161019211,0.024497575399832706,-0.08103664201835087,0.468058512684439,0.06446106915172327,0.1461204869862566,0.7088311675415755,5.867411807657866,11.326756777318488,338.6551013397458,0.39913989972808417,0.10816329060954691,0.0369128331256899,0.7088311675415755,,0.7714890780236268,0.06351117791670469,0.020281579375565073,-0.33665350091405877,0.02743624814516732,0.0425057324924083,0.06278731186797248,-0.0008532674346534153,0.7723423454582802
Kansas,KS,20,Midwest,West North Central,2019,3387774.46,1.1629847099210435,0.0019241196963914,15.035684057469243,2913.0,169.5623,176.06879999999998,1031.484,122.904,11.915259955559176,60333.0,20.711637487126676,355.8161218619941,0.7714890780236268,15.035684057469243,0.19241196963914,58208.8225197391,10.971792211917213,14.884694035941571,4.8114035628283585,3.030695739743278,5.874414085790339,354.096807415036,2,0,0.14124218419420928,-0.06792111161019211,0.024497575399832706,-0.08103664201835087,0.41049336355818933,0.18455903921836095,0.12192695805964071,0.7723423454582802,5.909917540150274,10.99010327640443,358.4912461380021,0.468058512684439,0.06446106915172327,0.1461204869862566,0.7723423454582802,0.7088311675415755,0.859840960492912,-0.0008532674346534153,-0.001382606025542188,0.9251566791547461,0.06849086344428024,-0.03550345435993485,-0.03688606038547704,0.08835188246928527,0.7714890780236268
Kansas,KS,20,Midwest,West North Central,2020,4003862.0,1.362784887678693,0.0022828909556998,15.20277020304766,2938.0,166.6214,175.3856,970.696,129.819,13.373806011356798,57574.0,19.59632402995235,345.53784807953843,0.859840960492912,15.20277020304766,0.22828909556998,56712.52552756978,10.945750374094574,14.89323963571596,4.8661411726023065,2.9753419991546393,5.8451021830243395,330.3934649421375,3,0,0.14124218419420928,-0.06792111161019211,0.024497575399832706,-0.08103664201835087,0.3629671697182164,0.37389823386162396,-0.008571505550400827,0.7714890780236268,5.874414085790339,11.915259955559176,354.096807415036,0.41049336355818933,0.18455903921836095,0.12192695805964071,0.7714890780236268,0.7723423454582802,0.8326556772074185,0.08835188246928527,-0.026041837822639025,1.4585460557976226,0.05473760977394804,-0.029311902765999598,-0.05535374058863862,-0.027185283285493522,0.859840960492912
Kansas,KS,20,Midwest,West North Central,2021,3818987.0,1.2994171486900306,0.0020206996755969,15.155496024018898,2939.0,170.40120000000002,188.9933,968.284,135.55,13.998992031263558,59657.0,20.29840081660429,350.0972997842738,0.8326556772074185,15.155496024018898,0.20206996755969,57979.31269139164,10.967841548169297,14.893579945401054,4.909340575944674,3.010542105437453,5.8582111152324305,329.4603606668935,4,0,0.14124218419420928,-0.06792111161019211,0.024497575399832706,-0.08103664201835087,0.3842219363613246,0.4550559162267789,-0.013708699785624235,0.859840960492912,5.8451021830243395,13.373806011356798,330.3934649421375,0.3629671697182164,0.37389823386162396,-0.008571505550400827,0.859840960492912,0.7714890780236268,2.7229218006603504,-0.027185283285493522,0.022091174074722275,0.62518601990676,0.04319940334236794,0.013108932208091062,0.03520010628281378,1.8902661234529319,0.8326556772074185
Kansas,KS,20,Midwest,West North Central,2022,41792289.0,14.22474098025868,0.0195868791500912,17.54822243072127,2938.0,177.7761,213.3688,1002.81,151.818,15.13925868310049,62417.0,21.244724302246425,351.09893849623205,2.7229218006603504,17.54822243072127,1.95868791500912,60509.22396187883,11.010551094577572,14.89323963571596,5.022682435006923,3.056108596417212,5.861068059803915,341.32402995234855,5,1,0.14124218419420928,-0.06792111161019211,0.024497575399832706,-0.08103664201835087,0.3888541740764392,0.6030780980970036,0.05160658713222987,0.8326556772074185,5.8582111152324305,13.998992031263558,329.4603606668935,0.3842219363613246,0.4550559162267789,-0.013708699785624235,0.8326556772074185,0.859840960492912,2.2403614497799706,1.8902661234529319,0.0427095464082754,1.1402666518369315,0.11334185906224814,0.0028569445714845543,0.04556649097975907,-0.48256035088037974,2.7229218006603504
Kansas,KS,20,Midwest,West North Central,2023,24770345.0,8.396727118644067,0.0110163227875489,17.025157769878277,2950.0,180.2675,224.8513,959.507,139.853,14.575505962958063,56919.0,19.29457627118644,315.7474309012994,2.2403614497799706,17.025157769878277,1.10163227875489,61107.627118644064,11.020391967461434,14.897315728316002,4.940591870973125,2.9598240341983777,5.7549426247012185,325.2566101694915,6,1,0.14124218419420928,-0.06792111161019211,0.024497575399832706,-0.08103664201835087,0.21678284727425282,0.5298952969194682,-0.03685239700630675,2.7229218006603504,5.861068059803915,15.13925868310049,341.32402995234855,0.3888541740764392,0.6030780980970036,0.05160658713222987,2.7229218006603504,0.8326556772074185,2.5080276217681567,-0.48256035088037974,0.009840872883861707,-0.5637527201424266,-0.08209056403379744,-0.10612543510269656,-0.09628456221883441,0.2676661719881861,2.2403614497799706
Kansas,KS,20,Midwest,West North Central,2024,33447228.07,11.28068400337268,0.0145093368791972,17.325479503140144,2965.0,181.5996,230.5221,959.338,152.059,15.850409344777336,55090.0,18.580101180438447,303.35969903017406,2.5080276217681567,17.325479503140144,1.45093368791972,61247.757166947726,11.022682510054043,14.902387590413962,5.024268603427226,2.922091179034936,5.714919226945167,323.55413153457,7,1,0.14124218419420928,-0.06792111161019211,0.024497575399832706,-0.08103664201835087,0.15188908124774736,0.6953951648201957,-0.04622537241853828,2.2403614497799706,5.7549426247012185,14.575505962958063,325.2566101694915,0.21678284727425282,0.5298952969194682,-0.03685239700630675,2.2403614497799706,2.7229218006603504,,0.2676661719881861,0.0022905425926094125,1.2749033818192732,0.08367673245410057,-0.04002339775605179,-0.03773285516344149,,2.5080276217681567
Kentucky,KY,21,South,East South Central,2017,5154553.22,1.1567668806104128,0.0025321536322728,15.455391196427264,4456.0,203.564,203.564,1624.233,77.592,4.777147121133483,115807.0,25.98900359066427,568.8972509874045,0.768610285817881,15.455391196427264,0.25321536322728,45683.12387791742,10.729484228110701,15.309762060589257,4.351464329091241,3.257673509737028,6.3436998395906015,364.50471274685816,0,0,-0.6974790546513581,0.6844601271535989,0.17817241773256226,0.6846219478277931,1.1713912786304217,-0.7420654783761853,0.179227554241571,,,,,,,,,,0.8326839144702103,,,,,,,0.06407362865232924,0.768610285817881
Kentucky,KY,21,South,East South Central,2018,5800888.0,1.2994820788530466,0.0027556471430451,15.573521739633172,4464.0,205.9401,210.5091,1708.797,78.493,4.593465461374288,121764.0,27.276881720430108,591.2593030691934,0.8326839144702103,15.573521739633172,0.27556471430451,46133.534946236556,10.739295403709939,15.311555783043284,4.363009448837784,3.3060395200059363,6.382254674260272,382.79502688172045,1,0,-0.6974790546513581,0.6844601271535989,0.17817241773256226,0.6846219478277931,1.2339039227465973,-0.7659098660054295,0.2799246561913739,0.768610285817881,6.3436998395906015,4.777147121133483,364.50471274685816,1.1713912786304217,-0.7420654783761853,0.179227554241571,0.768610285817881,,0.8537819681085556,0.06407362865232924,0.009811175599237387,-0.18368165975919482,0.011545119746542376,0.03855483466967069,0.04836601026890808,0.02109805363834527,0.8326839144702103
Kentucky,KY,21,South,East South Central,2019,6030546.0,1.3485120751341682,0.002732725572189,15.612348277690344,4472.0,211.7831,220.6788,1685.758,78.258,4.642303343659053,114553.0,25.61560822898032,540.897739243594,0.8537819681085556,15.612348277690344,0.2732725572189,47357.58050089445,10.765482180856228,15.313346293817073,4.360011060616201,3.243201862140696,6.293230239248743,376.9584078711986,2,0,-0.6974790546513581,0.6844601271535989,0.17817241773256226,0.6846219478277931,1.0895600843875346,-0.7595700419984166,0.24779122123716318,0.8326839144702103,6.382254674260272,4.593465461374288,382.79502688172045,1.2339039227465973,-0.7659098660054295,0.2799246561913739,0.8326839144702103,0.768610285817881,0.9187095433201545,0.02109805363834527,0.026186777146289586,0.048837882284765044,-0.002998388221582715,-0.08902443501152923,-0.06283765786524009,0.06492757521159898,0.8537819681085556
Kentucky,KY,21,South,East South Central,2020,6789293.0,1.506054347826087,0.0031008615720767,15.73085751769302,4508.0,206.6019,218.9486,1544.128,69.133,4.477154743648195,101056.0,22.4170363797693,489.13393342462,0.9187095433201545,15.73085751769302,0.31008615720767,45830.05767524401,10.732695435962862,15.321364154141804,4.2360321855149214,3.109821222455647,6.192636344457059,342.53061224489795,3,0,-0.6974790546513581,0.6844601271535989,0.17817241773256226,0.6846219478277931,0.9264575733989616,-0.7810085854014347,0.058249411264598906,0.8537819681085556,6.293230239248743,4.642303343659053,376.9584078711986,1.0895600843875346,-0.7595700419984166,0.24779122123716318,0.8537819681085556,0.8326839144702103,0.8919512179841269,0.06492757521159898,-0.032786744893366304,-0.16514860001085818,-0.12397887510127958,-0.10059389479168424,-0.1333806396850492,-0.026758325336027622,0.9187095433201545
Kentucky,KY,21,South,East South Central,2021,6491005.0,1.4398857586512863,0.0027193868124713,15.68592808437198,4508.0,215.535,238.6937,1642.879,71.742,4.366846249784677,110651.0,24.54547471162378,513.3783376249797,0.8919512179841269,15.68592808437198,0.27193868124713,47811.66814551908,10.775024992153886,15.321364154141804,4.273076350165498,3.200527507784339,6.2410130735947265,364.43633540372673,4,0,-0.6974790546513581,0.6844601271535989,0.17817241773256226,0.6846219478277931,1.0048953952181436,-0.7953281341790757,0.1788511036108386,0.9187095433201545,6.192636344457059,4.477154743648195,342.53061224489795,0.9264575733989616,-0.7810085854014347,0.058249411264598906,0.9187095433201545,0.8537819681085556,2.0873560581480985,-0.026758325336027622,0.04232955619102441,-0.11030849386351793,0.03704416465057658,0.04837672913766777,0.09070628532869218,1.1954048401639716,0.8919512179841269
Kentucky,KY,21,South,East South Central,2022,31934388.0,7.0635673523556735,0.0121614690163169,17.279194012181676,4521.0,220.6418,262.5866,1671.383,79.84,4.77688237824604,109644.0,24.252156602521566,496.9321316269175,2.0873560581480985,17.279194012181676,1.21614690163169,48803.7602300376,10.795562642766953,15.324243766276743,4.380024632003209,3.1885055454920157,6.208453460689337,369.6932094669321,5,1,-0.6974790546513581,0.6844601271535989,0.17817241773256226,0.6846219478277931,0.9521033780417296,-0.7420998456180675,0.20779275981076653,0.8919512179841269,6.2410130735947265,4.366846249784677,364.43633540372673,1.0048953952181436,-0.7953281341790757,0.1788511036108386,0.8919512179841269,0.9187095433201545,2.228493712418659,1.1954048401639716,0.02053765061306656,0.41003612846136317,0.10694828183771055,-0.03255961290538956,-0.01202196229232344,0.14113765427056046,2.0873560581480985
Kentucky,KY,21,South,East South Central,2023,37700701.0,8.285868351648352,0.0133092128047073,17.44518927293453,4550.0,226.9424,283.2677,1607.542,74.801,4.653128814052759,104560.0,22.98021978021978,460.7336487143874,2.228493712418659,17.44518927293453,1.33092128047073,49877.45054945055,10.817324286808708,15.330637790927133,4.314831253875025,3.1346338363531077,6.132820107508674,353.3059340659341,6,1,-0.6974790546513581,0.6844601271535989,0.17817241773256226,0.6846219478277931,0.8294717825179869,-0.7581647481183699,0.11757281445791323,2.0873560581480985,6.208453460689337,4.77688237824604,369.6932094669321,0.9521033780417296,-0.7420998456180675,0.20779275981076653,2.0873560581480985,0.8919512179841269,3.714939407549837,0.14113765427056046,0.021761644041754735,-0.12375356419328121,-0.06519337812818371,-0.07563335318066322,-0.05387170913890804,1.4864456951311782,2.228493712418659
Kentucky,KY,21,South,East South Central,2024,183617159.28,40.056099319371725,0.0621640195642628,19.02836349736037,4584.0,230.9664,295.3753,1644.72,74.804,4.548129772848874,106871.0,23.31391797556719,462.712325255968,3.714939407549837,19.02836349736037,6.21640195642628,50385.34031413613,10.827455544966499,15.338082537376712,4.314871359486474,3.149050520243497,6.137105533241272,358.7958115183246,7,1,-0.6974790546513581,0.6844601271535989,0.17817241773256226,0.6846219478277931,0.8364201534811475,-0.7717950574396525,0.14779726798228446,2.228493712418659,6.132820107508674,4.653128814052759,353.3059340659341,0.8294717825179869,-0.7581647481183699,0.11757281445791323,2.228493712418659,2.0873560581480985,,1.4864456951311782,0.010131258157791478,-0.10499904120388504,4.010561144873748e-05,0.004285425732597936,0.014416683890389415,,3.714939407549837
Louisiana,LA,22,South,West South Central,2017,2170351.12,0.4643455541292255,0.0009049513344204,14.590399979633837,4674.0,239.8307,239.8307,4180.807,154.436,3.693927990457345,192867.0,41.26379974326059,804.1797818210929,0.3814084219286951,14.590399979633837,0.09049513344204,51311.660248181426,10.845673300617388,15.35752579408094,5.039779771034724,3.7199855960654786,6.689822853412363,894.4816003423192,0,0,-0.8361924954384691,1.505664981815461,3.3288625135540535,2.488475418581491,1.732593653607245,-0.882682113009801,3.0970088612076916,,,,,,,,,,0.4449728946668771,,,,,,,0.063564472738182,0.3814084219286951
Louisiana,LA,22,South,West South Central,2018,2613929.0,0.5604478987993139,0.0010192965804673,14.776365393924806,4664.0,245.2203,256.4444,4220.13,150.85,3.5745344337733678,194305.0,41.66059176672384,792.369147252491,0.4449728946668771,14.776365393924806,0.10192965804672999,52577.2512864494,10.870038820128679,15.355384007012466,5.0162859656050705,3.7295556404060606,6.675027378241656,904.8306174957119,1,0,-0.8361924954384691,1.505664981815461,3.3288625135540535,2.488475418581491,1.7086043334143164,-0.8981810269990318,3.1539852492397107,0.3814084219286951,6.689822853412363,3.693927990457345,894.4816003423192,1.732593653607245,-0.882682113009801,3.0970088612076916,0.3814084219286951,,0.4266642641327684,0.063564472738182,0.0243655195112904,-0.11939355668397722,-0.023493805429653847,-0.014795475170707562,0.009570044340581951,-0.018308630534108694,0.4449728946668771
Louisiana,LA,22,South,West South Central,2019,2478699.65,0.5321381816230142,0.0009626055440992,14.72324504938951,4658.0,246.6744,257.499,4257.391,139.777,3.2831609781671447,195398.0,41.948905109489054,792.1292197325706,0.4266642641327684,14.72324504938951,0.09626055440992,52957.14899098325,10.877238355910002,15.354096729426423,4.940048295520768,3.7364523326796166,6.6747245347338895,913.9954916273078,2,0,-0.8361924954384691,1.505664981815461,3.3288625135540535,2.488475418581491,1.7081133042454433,-0.9360052802720882,3.2044423522714944,0.4449728946668771,6.675027378241656,3.5745344337733678,904.8306174957119,1.7086043334143164,-0.8981810269990318,3.1539852492397107,0.4449728946668771,0.3814084219286951,0.5387955812949277,-0.018308630534108694,0.007199535781323263,-0.2913734556062231,-0.0762376700843026,-0.00030284350776632607,0.006896692273556049,0.11213131716215924,0.4266642641327684
Louisiana,LA,22,South,West South Central,2020,3321255.0,0.7139413155631986,0.0014214537003749,15.015853582603269,4652.0,225.636,233.652,4178.004,135.466,3.24236166360779,183341.0,39.41122098022356,812.5520750234891,0.5387955812949277,15.015853582603267,0.14214537003749,48503.00945829751,10.789381125687058,15.352807792620693,4.9087206863242105,3.674050572209451,6.700180004486668,898.1092003439381,3,0,-0.8361924954384691,1.505664981815461,3.3288625135540535,2.488475418581491,1.7493866940835623,-0.94130158842085,3.1169805688832786,0.4266642641327684,6.6747245347338895,3.2831609781671447,913.9954916273078,1.7081133042454433,-0.9360052802720882,3.2044423522714944,0.4266642641327684,0.4449728946668771,0.5140046224227484,0.11213131716215924,-0.08785723022294434,-0.040799314559354816,-0.031327609196557304,0.025455469752778903,-0.062401760470165435,-0.024790958872179303,0.5387955812949277
Louisiana,LA,22,South,West South Central,2021,3110565.0,0.6719734283862605,0.00113913696934,14.950315261165729,4629.0,242.5821,273.0633,4257.494,135.903,3.192089055204776,188670.0,40.75826312378484,777.7573036097882,0.5140046224227484,14.950315261165729,0.113913696934,52404.860661049905,10.866754626714185,15.347851420013408,4.911941395968635,3.7076585951743883,6.656414526424478,919.7437891553251,4,0,-0.8361924954384691,1.505664981815461,3.3288625135540535,2.488475418581491,1.6784255350456219,-0.9478276594693487,3.236089534378294,0.5387955812949277,6.700180004486668,3.24236166360779,898.1092003439381,1.7493866940835623,-0.94130158842085,3.1169805688832786,0.5387955812949277,0.4266642641327684,2.103386370230234,-0.024790958872179303,0.07737350102712703,-0.05027260840301384,0.0032207096444247796,-0.04376547806219033,0.033608022964937145,1.5893817478074856,0.5140046224227484
Louisiana,LA,22,South,West South Central,2022,33098998.0,7.193870462942838,0.0108771193361272,17.31501359819816,4601.0,240.043,304.2993,4280.254,145.634,3.402461629613569,193627.0,42.08367746142143,806.6346446261712,2.103386370230234,17.31501359819816,1.08771193361272,52171.9191480113,10.862299681769032,15.341784229137605,4.981096624985372,3.739659956755029,6.69287083295027,930.2877635296675,5,1,-0.8361924954384691,1.505664981815461,3.3288625135540535,2.488475418581491,1.7375356346002646,-0.9205184266513227,3.2941392570184056,0.5140046224227484,6.656414526424478,3.192089055204776,919.7437891553251,1.6784255350456219,-0.9478276594693487,3.236089534378294,0.5140046224227484,0.5387955812949277,2.521684592078695,1.5893817478074856,-0.004454944945152306,0.21037257440879298,0.06915522901673654,0.03645630652579168,0.03200136158064071,0.418298221848461,2.103386370230234
Louisiana,LA,22,South,West South Central,2023,52656487.0,11.449551424222657,0.0165563372775427,17.779300017822102,4599.0,248.9494,318.0443,4217.657,146.369,3.470386520288397,186845.0,40.62731028484453,750.5340442676303,2.521684592078695,17.779300017822102,1.65563372775427,54131.20243531202,10.899166053387123,15.341349446522061,4.986130830471424,3.7044405075829663,6.620785012160117,917.0813220265275,6,1,-0.8361924954384691,1.505664981815461,3.3288625135540535,2.488475418581491,1.6206559929292264,-0.9117008483201603,3.2214313539922332,2.103386370230234,6.69287083295027,3.402461629613569,930.2877635296675,1.7375356346002646,-0.9205184266513227,3.2941392570184056,2.103386370230234,0.5140046224227484,4.846542726271654,0.418298221848461,0.03686637161809081,0.06792489067482776,0.005034205486052379,-0.07208582079015269,-0.03521944917206277,2.324858134192959,2.521684592078695
Louisiana,LA,22,South,West South Central,2024,582872279.71,126.29951889707476,0.1770718235862744,20.18347864777628,4615.0,257.0559,329.1728,4264.603,153.884,3.608401532334897,186893.0,40.49685807150596,727.0519758542791,4.846542726271654,20.18347864777628,17.707182358627442,55700.08667388949,10.927736981998356,15.344822425919089,5.036199071827507,3.701224392621793,6.5889979685877105,924.0743228602383,7,1,-0.8361924954384691,1.505664981815461,3.3288625135540535,2.488475418581491,1.569116616366671,-0.8937846151469306,3.259931235005487,2.521684592078695,6.620785012160117,3.470386520288397,917.0813220265275,1.6206559929292264,-0.9117008483201603,3.2214313539922332,2.521684592078695,2.103386370230234,,2.324858134192959,0.02857092861123256,0.13801501204650002,0.05006824135608312,-0.03178704357240658,-0.0032161149611731332,,4.846542726271654
Maine,ME,23,Northeast,New England,2017,3414493.09,2.555758300898204,0.0054197786846474,15.04353989652807,1336.0,63.0006,63.0006,355.19,121.133,34.10371913623694,15274.0,11.432634730538922,242.4421354717257,1.2685683459654273,15.04353989652807,0.5419778684647399,47156.1377245509,10.761219454023388,14.105190633078728,4.7968891155015125,2.4364719613517383,5.490763065292624,265.86077844311376,0,0,3.0579842634371874,-0.45496371677034214,-0.4082615836326232,-1.7207398049171778,-0.2115567610153609,3.0649240266283746,-0.3638554259671013,,,,,,,,,,1.3263340464710511,,,,,,,0.057765700505623796,1.2685683459654273
Maine,ME,23,Northeast,New England,2018,3708058.23,2.7672076343283583,0.0055999429594055,15.126019179110964,1340.0,64.80630000000001,66.216,356.678,122.829,34.43694312517172,14707.0,10.975373134328358,226.93781314470968,1.3263340464710511,15.126019179110965,0.55999429594055,48362.9104477612,10.786488485873994,14.108180171927094,4.810793144184312,2.3956539569553565,5.424676029045636,266.1776119402985,1,0,3.0579842634371874,-0.45496371677034214,-0.4082615836326232,-1.7207398049171778,-0.3187099990721863,3.1081810506009395,-0.36211110300294214,1.2685683459654273,5.490763065292624,34.10371913623694,265.86077844311376,-0.2115567610153609,3.0649240266283746,-0.3638554259671013,1.2685683459654273,,1.3743270495339224,0.057765700505623796,0.025269031850605472,0.3332239889347832,0.013904028682799385,-0.06608703624698808,-0.040818004396381724,0.04799300306287124,1.3263340464710511
Maine,ME,23,Northeast,New England,2019,3973952.0,2.952416047548291,0.0057007977483441,15.195271875149276,1346.0,66.7584,69.7087,350.876,120.891,34.45405214377729,14393.0,10.693164933135217,215.59833668871636,1.3743270495339224,15.195271875149276,0.57007977483441,49597.62258543833,10.81169817981906,14.112647789186811,4.794889313162482,2.369604746057998,5.37341712420321,260.68053491827635,2,0,3.0579842634371874,-0.45496371677034214,-0.4082615836326232,-1.7207398049171778,-0.40182096825811225,3.1104020348414014,-0.39237519367033036,1.3263340464710511,5.424676029045636,34.43694312517172,266.1776119402985,-0.3187099990721863,3.1081810506009395,-0.36211110300294214,1.3263340464710511,1.2685683459654273,1.4450514353709973,0.04799300306287124,0.025209693945067002,0.01710901860556646,-0.015903831021829795,-0.05125890484242568,-0.026049210897358677,0.07072438583707497,1.3743270495339224
Maine,ME,23,Northeast,New England,2020,4425426.0,3.2420703296703297,0.0061201000695618,15.302877328943756,1365.0,67.6392,72.30969999999999,323.556,98.14,30.33168910482266,13456.0,9.857875457875458,198.9378940022945,1.4450514353709973,15.302877328943755,0.6120100069561799,49552.52747252747,10.810788546984538,14.126664986601197,4.586395030661757,2.288270674593669,5.292992685573405,237.03736263736263,3,0,3.0579842634371874,-0.45496371677034214,-0.4082615836326232,-1.7207398049171778,-0.5322208092477861,2.5752630210815752,-0.5225423910204293,1.3743270495339224,5.37341712420321,34.45405214377729,260.68053491827635,-0.40182096825811225,3.1104020348414014,-0.39237519367033036,1.3743270495339224,1.3263340464710511,1.4057613664029422,0.07072438583707497,-0.0009096328345226112,-4.122363038954628,-0.208494282500725,-0.0804244386298052,-0.0813340714643287,-0.03929006896805509,1.4450514353709973
Maine,ME,23,Northeast,New England,2021,4245432.0,3.078630891950689,0.0053463799434814,15.26135437488141,1379.0,71.3535,79.4076,333.066,95.138,28.564308575477536,14372.0,10.422044960116024,201.4196920963933,1.4057613664029422,15.26135437488141,0.53463799434814,51742.929659173315,10.854043076850067,14.13686915677544,4.555328469130876,2.3439232704401074,5.305390751554315,241.52719361856418,4,0,3.0579842634371874,-0.45496371677034214,-0.4082615836326232,-1.7207398049171778,-0.5121186380665631,2.34583289460443,-0.49782368117663905,1.4450514353709973,5.292992685573405,30.33168910482266,237.03736263736263,-0.5322208092477861,2.5752630210815752,-0.5225423910204293,1.4450514353709973,1.3743270495339224,2.0428871915960354,-0.03929006896805509,0.04325452986552847,-1.7673805293451252,-0.031066561530881387,0.012398065980909756,0.055652595846438224,0.6371258251930931,1.4057613664029422
Maine,ME,23,Northeast,New England,2022,9344281.0,6.712845545977012,0.0108263423032628,16.050275163389266,1392.0,72.8844,86.31060000000001,330.259,96.245,29.14227924144384,14991.0,10.76939655172414,205.68187431055205,2.0428871915960354,16.050275163389266,1.08263423032628,52359.48275862069,10.865888341415468,14.146252119876502,4.5668970237665985,2.37670845911795,5.326330675666755,237.25502873563218,5,1,3.0579842634371874,-0.45496371677034214,-0.4082615836326232,-1.7207398049171778,-0.478166734626281,2.420861379297459,-0.5213440329645287,1.4057613664029422,5.305390751554315,28.564308575477536,241.52719361856418,-0.5121186380665631,2.34583289460443,-0.49782368117663905,1.4057613664029422,1.4450514353709973,3.096361571836954,0.6371258251930931,0.011845264565401692,0.5779706659663049,0.011568554635722705,0.020939924112440167,0.03278518867784275,1.0534743802409188,2.0428871915960354
Maine,ME,23,Northeast,New England,2023,29606500.0,21.117332382310984,0.031582355313098,17.203504523557886,1402.0,75.514,93.7438,327.687,91.717,27.98920921489104,15378.0,10.968616262482168,203.64435733771225,3.096361571836954,17.203504523557886,3.1582355313097996,53861.62624821683,10.89417355989819,14.153410346576672,4.5187077492123,2.3950381279975907,5.316375126063675,233.72824536376604,6,1,3.0579842634371874,-0.45496371677034214,-0.4082615836326232,-1.7207398049171778,-0.4943086201939515,2.2711771445576785,-0.5407606959115453,2.0428871915960354,5.326330675666755,29.14227924144384,237.25502873563218,-0.478166734626281,2.420861379297459,-0.5213440329645287,2.0428871915960354,1.4057613664029422,4.607659499067252,1.0534743802409188,0.02828521848272203,-1.1530700265528004,-0.04818927455429822,-0.009955549603080094,0.018329668879640604,1.5112979272302982,3.096361571836954
Maine,ME,23,Northeast,New England,2024,139742931.89,99.24924139914772,0.1409066801614534,18.755315099060688,1408.0,77.7586,99.1741,333.196,94.653,28.40760393282032,15994.0,11.359375,205.68785960652585,4.607659499067252,18.755315099060688,14.09066801614534,55226.27840909091,10.919194177121168,14.157680815700125,4.550217572874111,2.4300433941738473,5.326359775016954,236.64488636363637,7,1,3.0579842634371874,-0.45496371677034214,-0.4082615836326232,-1.7207398049171778,-0.47811955306426485,2.3254904921690454,-0.5247031643705689,3.096361571836954,5.316375126063675,27.98920921489104,233.72824536376604,-0.4943086201939515,2.2711771445576785,-0.5407606959115453,3.096361571836954,2.0428871915960354,,1.5112979272302982,0.025020617222978103,0.41839471792927796,0.03150982366181054,0.009984648953278885,0.035005266176256544,,4.607659499067252
Maryland,MD,24,South,South Atlantic,2017,4035460.9,0.669452704047777,0.0010095858168767,15.210631326492727,6028.0,399.7145,399.7145,1297.897,60.69,4.676025909606079,54771.0,9.086098208360982,137.0253018091663,0.5124958505889523,15.210631326492727,0.10095858168767001,66309.63835434639,11.10209054048507,15.611925838728522,4.105778939847764,2.206745576035234,4.920165593514438,215.3113802256138,0,0,-0.7104283008290655,-0.8228993015331894,-0.7087756098880159,-0.36038668923251144,-1.1367210625217272,-0.7551923924532863,-0.6421545228703436,,,,,,,,,,0.45453821328351396,,,,,,,-0.05795763730543835,0.5124958505889523
Maryland,MD,24,South,South Atlantic,2018,3476842.89,0.5754456951340616,0.0008464171323347,15.061635512081567,6042.0,402.4809,410.7718,1342.915,64.791,4.824653831404072,61459.0,10.171962926183385,152.7004138581483,0.45453821328351396,15.061635512081569,0.08464171323347,66613.85302879842,11.106667838334177,15.614245640928754,4.171166704823385,2.3196352028602885,5.028477922490385,222.26332340284674,1,0,-0.7104283008290655,-0.8228993015331894,-0.7087756098880159,-0.36038668923251144,-0.9611039153421586,-0.7358984586739071,-0.6038806842853217,0.5124958505889523,4.920165593514438,4.676025909606079,215.3113802256138,-1.1367210625217272,-0.7551923924532863,-0.6421545228703436,0.5124958505889523,,0.556252346230083,-0.05795763730543835,0.004577297849106543,0.14862792179799378,0.06538776497562093,0.10831232897594667,0.11288962682505455,0.10171413294656906,0.45453821328351396
Maryland,MD,24,South,South Atlantic,2019,4505670.0,0.7441238645747317,0.0010743348221566,15.32084738354926,6055.0,402.5062,419.3916,1312.03,57.955,4.417200826200621,56702.0,9.3644921552436,140.87236420209177,0.556252346230083,15.32084738354926,0.10743348221566001,66475.01238645747,11.104581402443772,15.61639493496933,4.059666847340709,2.2369251064751667,4.947854261995669,216.68538398018165,2,0,-0.7104283008290655,-0.8228993015331894,-0.7087756098880159,-0.36038668923251144,-1.0918267738119494,-0.7887914225632168,-0.6345899619156788,0.45453821328351396,5.028477922490385,4.824653831404072,222.26332340284674,-0.9611039153421586,-0.7358984586739071,-0.6038806842853217,0.45453821328351396,0.5124958505889523,0.571110675814329,0.10171413294656906,-0.002086435890404914,-0.4074530052034513,-0.11149985748267621,-0.08062366049471592,-0.08271009638512172,0.014858329584245933,0.556252346230083
Maryland,MD,24,South,South Atlantic,2020,4758494.0,0.7702321139527355,0.0011499377121321,15.375441999742696,6178.0,389.1786,413.8045,1164.32,48.563,4.17093238972104,47778.0,7.733570734865652,122.76625693190736,0.571110675814329,15.375441999742696,0.11499377121321,62994.26999028812,11.050799048702128,15.636505152460664,3.8828619240851587,2.045570688006973,4.810282197269119,188.4622855292975,3,0,-0.7104283008290655,-0.8228993015331894,-0.7087756098880159,-0.36038668923251144,-1.314885531455735,-0.820760428439826,-0.7899718870752385,0.556252346230083,4.947854261995669,4.417200826200621,216.68538398018165,-1.0918267738119494,-0.7887914225632168,-0.6345899619156788,0.556252346230083,0.45453821328351396,0.5459434529632432,0.014858329584245933,-0.05378235374164397,-0.24626843647958108,-0.17680492325554997,-0.13757206472654993,-0.1913544184681939,-0.025167222851085747,0.571110675814329
Maryland,MD,24,South,South Atlantic,2021,4485235.0,0.7262362370466321,0.0010018074026226,15.316301671934582,6176.0,407.1601,447.7143,1220.62,52.729,4.3198538447674135,52310.0,8.469883419689118,128.4752607143971,0.5459434529632432,15.316301671934582,0.10018074026226,65926.18199481865,11.096290940447465,15.63618137068675,3.965165588826232,2.1365167446600446,4.855736362176854,197.6392487046632,4,0,-0.7104283008290655,-0.8228993015331894,-0.7087756098880159,-0.36038668923251144,-1.2411863427853598,-0.8014283900365796,-0.7394482279600559,0.571110675814329,4.810282197269119,4.17093238972104,188.4622855292975,-1.314885531455735,-0.820760428439826,-0.7899718870752385,0.571110675814329,0.556252346230083,1.0533189309201085,-0.025167222851085747,0.0454918917453373,0.14892145504637355,0.08230366474107331,0.045454164907734906,0.09094605665307176,0.5073754779568653,0.5459434529632432
Maryland,MD,24,South,South Atlantic,2022,11544596.0,1.8671512210900856,0.0023958333246863,16.261728093275376,6183.0,412.6707,481.8614,1207.838,51.43,4.258021357168759,50639.0,8.190037198770824,122.71043231322214,1.0533189309201085,16.261728093275376,0.23958333246863,66742.79475982532,11.108601626763129,15.637314148540705,3.940221659786825,2.1029184398291227,4.809827371030267,195.34821284166262,5,1,-0.7104283008290655,-0.8228993015331894,-0.7087756098880159,-0.36038668923251144,-1.3156229847750829,-0.8094550912560461,-0.7520614980310985,0.5459434529632432,4.855736362176854,4.3198538447674135,197.6392487046632,-1.2411863427853598,-0.8014283900365796,-0.7394482279600559,0.5459434529632432,0.571110675814329,1.832901283672182,0.5073754779568653,0.012310686315663233,-0.06183248759865467,-0.02494392903940712,-0.045908991146586864,-0.033598304830921855,0.7795823527520735,1.0533189309201085
Maryland,MD,24,South,South Atlantic,2023,32588655.0,5.251999194198227,0.006327453095988,17.299474810319303,6205.0,420.558,515.0359,1187.258,54.014,4.549474503435648,48977.0,7.893150684931506,116.45718307581832,1.832901283672182,17.299474810319303,0.6327453095987999,67777.27639000806,11.12398226126144,15.640865976620844,3.9892432722216595,2.0659953815020367,4.75752367820487,191.3389202256245,6,1,-0.7104283008290655,-0.8228993015331894,-0.7087756098880159,-0.36038668923251144,-1.4004279687302574,-0.7716204930470508,-0.7741346097517038,1.0533189309201085,4.809827371030267,4.258021357168759,195.34821284166262,-1.3156229847750829,-0.8094550912560461,-0.7520614980310985,1.0533189309201085,0.5459434529632432,2.632476607762889,0.7795823527520735,0.015380634498312062,0.291453146266889,0.049021612434834605,-0.05230369282539726,-0.03692305832708609,0.7995753240907069,1.832901283672182
Maryland,MD,24,South,South Atlantic,2024,80611536.46,12.908172371497196,0.0147632497613677,18.205152341897648,6245.0,433.1059,546.0284,1201.574,54.033,4.496851629612491,48766.0,7.808807045636509,112.5960186642574,2.632476607762889,18.205152341897648,1.47632497613677,69352.4259407526,11.146956406252315,15.647291701541816,3.9895949710230303,2.055252205146999,4.723806356858958,192.40576461168936,7,1,-0.7104283008290655,-0.8228993015331894,-0.7087756098880159,-0.36038668923251144,-1.4550970894230717,-0.778451660640207,-0.7682611109634361,1.832901283672182,4.75752367820487,4.549474503435648,191.3389202256245,-1.4004279687302574,-0.7716204930470508,-0.7741346097517038,1.832901283672182,1.0533189309201085,,0.7995753240907069,0.022974144990874024,-0.052622873823156446,0.00035169880137075893,-0.03371732134591188,-0.010743176355037853,,2.632476607762889
Massachusetts,MA,25,Northeast,New England,2017,7270254.54,1.0591862674825174,0.0013714113082579,15.799301998823182,6864.0,530.1294,530.1294,1387.116,73.642,5.309000833383797,64532.0,9.401515151515152,121.72877037191296,0.7223108889770169,15.799301998823182,0.13714113082579,77233.3041958042,11.254586044486048,15.741800920149934,4.299215515148709,2.2408708626182365,4.801795376096462,202.08566433566435,0,0,-0.6293716363715599,-0.876288670608956,-0.7874019293369124,-0.4538889805879161,-1.3286460270249538,-0.6730236040073744,-0.7149685407986035,,,,,,,,,,0.7791953282180359,,,,,,,0.05688443924101905,0.7223108889770169
Massachusetts,MA,25,Northeast,New England,2018,8123535.41,1.179717602381644,0.0014516552586199,15.910276135800125,6886.0,549.2621,559.605,1415.812,75.874,5.359044844937039,63946.0,9.28637815858263,116.42165006469588,0.7791953282180359,15.910276135800125,0.14516552586199,79765.0450188789,11.286840655128833,15.745000922880607,4.329074069721147,2.2285486122859557,4.757218515121398,205.60731919837352,1,0,-0.6293716363715599,-0.876288670608956,-0.7874019293369124,-0.4538889805879161,-1.400922758849264,-0.6665272079514902,-0.6955801127963572,0.7223108889770169,4.801795376096462,5.309000833383797,202.08566433566435,-1.3286460270249538,-0.6730236040073744,-0.7149685407986035,0.7223108889770169,,0.8059634586324013,0.05688443924101905,0.03225461064278434,0.05004401155324256,0.029858554572438578,-0.04457686097506386,-0.012322250332280849,0.02676813041436532,0.7791953282180359
Massachusetts,MA,25,Northeast,New England,2019,8541888.0,1.238852501812908,0.0014525303556807,15.960492735684271,6895.0,566.3268,588.0695,1414.168,75.036,5.306017389730217,63224.0,9.169543147208122,111.6387216709504,0.8059634586324013,15.960492735684273,0.14525303556807,82135.86656997824,11.316130064476388,15.74630706920954,4.317967998373161,2.215887464657409,4.7152679581452945,205.1005076142132,2,0,-0.6293716363715599,-0.876288670608956,-0.7874019293369124,-0.4538889805879161,-1.4689412125967898,-0.6734108957328478,-0.6983703578070899,0.7791953282180359,4.757218515121398,5.359044844937039,205.60731919837352,-1.400922758849264,-0.6665272079514902,-0.6955801127963572,0.7791953282180359,0.7223108889770169,0.8688094144416971,0.02676813041436532,0.029289409347555306,-0.053027455206822616,-0.011106071347986024,-0.04195055697610339,-0.012661147628546754,0.06284595580929586,0.8059634586324013
Massachusetts,MA,25,Northeast,New England,2020,9667734.0,1.3840707229778095,0.0016307066393075,16.084304610417437,6985.0,560.3958,592.8555,1218.446,71.432,5.862549509785415,52160.0,7.467430207587688,93.0770715983239,0.8688094144416971,16.084304610417437,0.16307066393074998,80228.46098783107,11.292633606061298,15.7592755506732,4.2687459482149155,2.0105509249094724,4.533427876812449,174.43750894774516,3,0,-0.6293716363715599,-0.876288670608956,-0.7874019293369124,-0.4538889805879161,-1.7637759431256372,-0.6011654270446929,-0.867185123919758,0.8059634586324013,4.7152679581452945,5.306017389730217,205.1005076142132,-1.4689412125967898,-0.6734108957328478,-0.6983703578070899,0.8059634586324013,0.7791953282180359,0.8392310600173813,0.06284595580929586,-0.023496458415090515,0.5565321200551985,-0.04922205015824588,-0.18184008133284557,-0.20533653974793653,-0.029578354424315778,0.8688094144416971
Massachusetts,MA,25,Northeast,New England,2021,9198161.84,1.31458651422038,0.0014144298585533,16.03451433077396,6997.0,597.42,650.3088,1281.202,75.363,5.8822106115975465,56074.0,8.01400600257253,93.86026580964815,0.8392310600173813,16.03451433077396,0.14144298585533,85382.30670287267,11.354894176846425,15.760992043728034,4.322316438392951,2.0811907612244696,4.541807142342319,183.10733171359155,4,0,-0.6293716363715599,-0.876288670608956,-0.7874019293369124,-0.4538889805879161,-1.7501898378158471,-0.5986131475550526,-0.8194535201593215,0.8688094144416971,4.533427876812449,5.862549509785415,174.43750894774516,-1.7637759431256372,-0.6011654270446929,-0.867185123919758,0.8688094144416971,0.8059634586324013,1.4122370660751784,-0.029578354424315778,0.06226057078512781,0.01966110181213132,0.05357049017803561,0.008379265529869784,0.07063983631499715,0.5730060060577971,0.8392310600173813
Massachusetts,MA,25,Northeast,New England,2022,21813528.3,3.1051285836298934,0.0031326733667172,16.898040945352257,7025.0,607.4706,696.3231,1324.255,81.547,6.157952962231594,59312.0,8.442989323843417,97.63764699065273,1.4122370660751784,16.898040945352257,0.31326733667171996,86472.68327402136,11.367583842744224,15.764985773184083,4.401179541143268,2.133336431188567,4.5812631464086175,188.50604982206406,5,1,-0.6293716363715599,-0.876288670608956,-0.7874019293369124,-0.4538889805879161,-1.6862160414923681,-0.5628180251517769,-0.7897309432938479,0.8392310600173813,4.541807142342319,5.8822106115975465,183.10733171359155,-1.7501898378158471,-0.5986131475550526,-0.8194535201593215,0.8392310600173813,0.8688094144416971,2.2291773844023477,0.5730060060577971,0.012689665897799074,0.2757423506340473,0.07886310275031683,0.03945600406629879,0.05214566996409742,0.8169403183271693,1.4122370660751784
Massachusetts,MA,25,Northeast,New England,2023,58650865.06,8.29221901032094,0.0079486998693803,17.88711289953615,7073.0,614.7861,737.8674,1281.984,82.336,6.422545055164496,56742.0,8.022338470238937,92.29551546464695,2.2291773844023477,17.88711289953615,0.79486998693803,86920.13289975964,11.372744963358608,15.771795276018127,4.410808436099334,2.0822299592075773,4.524995553813243,181.25038880248835,6,1,-0.6293716363715599,-0.876288670608956,-0.7874019293369124,-0.4538889805879161,-1.7774480755893947,-0.5284703584560588,-0.8296768967648612,1.4122370660751784,4.5812631464086175,6.157952962231594,188.50604982206406,-1.6862160414923681,-0.5628180251517769,-0.7897309432938479,1.4122370660751784,0.8392310600173813,4.409608695752757,0.8169403183271693,0.005161120614383563,0.26459209293290176,0.009628894956065892,-0.056267592595374616,-0.05110647198098972,2.1804313113504095,2.2291773844023477
Massachusetts,MA,25,Northeast,New England,2024,579952923.44,81.23727741140216,0.0744939617023714,20.178457493452083,7139.0,628.7869000000001,778.5234,1289.504,82.703,6.41355125691739,58072.0,8.134472615212214,92.35561364271425,4.409608695752757,20.178457493452083,7.449396170237139,88077.72797310547,11.38597497602646,15.781083268484597,4.415255877066983,2.096110909462216,4.52564649140003,180.62809917355372,7,1,-0.6293716363715599,-0.876288670608956,-0.7874019293369124,-0.4538889805879161,-1.776392648168857,-0.5296378762798,-0.8331029047461948,2.2291773844023477,4.524995553813243,6.422545055164496,181.25038880248835,-1.7774480755893947,-0.5284703584560588,-0.8296768967648612,2.2291773844023477,1.4122370660751784,,2.1804313113504095,0.01323001266785262,-0.008993798247106,0.00444744096764893,0.000650937586787137,0.013880950254638869,,4.409608695752757
Michigan,MI,26,Midwest,East North Central,2017,16604669.64,1.664294842136915,0.003287392660683,16.625194577606806,9977.0,505.1015,505.1015,2760.593,197.415,7.151180923808761,155278.0,15.563596271424275,307.4193998631958,0.9799394230317742,16.625194577606806,0.3287392660683,50626.59115966724,10.832232234229332,16.115793001895643,5.2853081119543965,2.744934614887653,5.728212938622595,276.6957001102536,0,0,-0.39346817819236884,-0.22817405766624002,-0.34384843433371115,-0.07835478061200228,0.17344344853252894,-0.4338834731061444,-0.3042038965461538,,,,,,,,,,0.8420264157141791,,,,,,,-0.13791300731759504,0.9799394230317742
Michigan,MI,26,Midwest,East North Central,2018,13193482.73,1.3210656583558626,0.0025118922082976,16.395233608849775,9987.0,516.843,525.2408,2874.333,205.713,7.156895182290987,163322.0,16.35345949734655,315.99924928846866,0.8420264157141791,16.395233608849775,0.25118922082976,51751.57705016521,10.854210185062609,16.116794805225272,5.326481993495202,2.794439465013021,5.755739837914687,287.80744968459,1,0,-0.39346817819236884,-0.22817405766624002,-0.34384843433371115,-0.07835478061200228,0.2180754453705813,-0.4331416843263472,-0.24302829445001983,0.9799394230317742,5.728212938622595,7.151180923808761,276.6957001102536,0.17344344853252894,-0.4338834731061444,-0.3042038965461538,0.9799394230317742,,1.0810920842064213,-0.13791300731759504,0.021977950833276694,0.0057142584822260645,0.04117388154080537,0.02752689929209229,0.049504850125368094,0.2390656684922422,0.8420264157141791
Michigan,MI,26,Midwest,East North Central,2019,19449753.0,1.9478971457185776,0.0036002240126699,16.783344980133837,9985.0,521.0851,540.2373,2842.77,201.965,7.104514258979798,159031.0,15.926990485728592,305.19199263229746,1.0810920842064213,16.783344980133837,0.36002240126699,52186.79018527792,10.86258468026053,16.116594524832053,5.308094415061955,2.768015184902014,5.720941062605758,284.7040560841262,2,0,-0.39346817819236884,-0.22817405766624002,-0.34384843433371115,-0.07835478061200228,0.16165285984521466,-0.4399414434391902,-0.26011399016153425,0.8420264157141791,5.755739837914687,7.156895182290987,287.80744968459,0.2180754453705813,-0.4331416843263472,-0.24302829445001983,0.8420264157141791,0.9799394230317742,1.1497648234473468,0.2390656684922422,0.00837449519792166,-0.0523809233111896,-0.018387578433246787,-0.034798775308929386,-0.02642428011100728,0.06867273924092543,1.0810920842064213
Michigan,MI,26,Midwest,East North Central,2020,21729839.06,2.157450264098491,0.0040987222303853,16.894196991874185,10072.0,502.6223,530.1613000000001,2563.136,183.354,7.153502584334191,136558.0,13.558181096108022,271.691088915076,1.1497648234473468,16.894196991874185,0.40987222303853,49902.92891183479,10.817834975645042,16.12526985470632,5.211418710477893,2.606990136059856,5.604665718379089,254.4813343923749,3,0,-0.39346817819236884,-0.22817405766624002,-0.34384843433371115,-0.07835478061200228,-0.026875486220952764,-0.4335820898674234,-0.42650481674630225,1.0810920842064213,5.720941062605758,7.104514258979798,284.7040560841262,0.16165285984521466,-0.4399414434391902,-0.26011399016153425,1.0810920842064213,0.8420264157141791,1.1185350089073576,0.06867273924092543,-0.044749704615488994,0.04898832535439368,-0.0966757045840625,-0.11627534422666841,-0.16102504884215785,-0.031229814539989187,1.1497648234473468
Michigan,MI,26,Midwest,East North Central,2021,20690210.5,2.060367506472814,0.0036087824032746,16.845171271999106,10042.0,528.7018,573.3294000000001,2661.655,194.063,7.291065145557932,147662.0,14.70444134634535,279.2916536315934,1.1185350089073576,16.845171271999106,0.36087824032745996,52649.0539733121,10.871403549182498,16.12228685557679,5.268182848614011,2.6881495805563325,5.632256589338109,265.05228042222666,4,0,-0.39346817819236884,-0.22817405766624002,-0.34384843433371115,-0.07835478061200228,0.017860234004384405,-0.41572459098925185,-0.3683066019849207,1.1497648234473468,5.604665718379089,7.153502584334191,254.4813343923749,-0.026875486220952764,-0.4335820898674234,-0.42650481674630225,1.1497648234473468,1.0810920842064213,2.1292258825581465,-0.031229814539989187,0.05356857353745603,0.13756256122374033,0.0567641381361188,0.027590870959019576,0.0811594444964765,1.010690873650789,1.1185350089073576
Michigan,MI,26,Midwest,East North Central,2022,74409520.0,7.408355236957387,0.0119212936409317,18.12509446204591,10044.0,539.8075,624.1732,2719.636,211.357,7.771517953137846,154360.0,15.368379131819992,285.95378908221915,2.1292258825581465,18.12509446204591,1.1921293640931698,53744.27518916766,10.89199243220901,16.122485999259613,5.353548646880701,2.7323120953740796,5.655830221129344,270.7722023098367,5,1,-0.39346817819236884,-0.22817405766624002,-0.34384843433371115,-0.07835478061200228,0.05608241981628473,-0.3533552559314511,-0.3368156416211656,1.1185350089073576,5.632256589338109,7.291065145557932,265.05228042222666,0.017860234004384405,-0.41572459098925185,-0.3683066019849207,1.1185350089073576,1.1497648234473468,2.5038535850207535,1.010690873650789,0.020588883026512406,0.4804528075799146,0.08536579826668955,0.023573631791235172,0.044162514817747134,0.374627702462607,2.1292258825581465
Michigan,MI,26,Midwest,East North Central,2023,112991539.0,11.229530808984295,0.0167139631803758,18.542823506617285,10062.0,554.5562,676.0308,2544.64,202.851,7.971697371730382,140979.0,14.01103160405486,254.2195002057501,2.5038535850207535,18.542823506617285,1.67139631803758,55113.91373484397,10.91715748113749,16.1242765100334,5.312471719391352,2.639844991046736,5.53819806787352,252.8960445239515,6,1,-0.39346817819236884,-0.22817405766624002,-0.34384843433371115,-0.07835478061200228,-0.13464585060956274,-0.3273692339269966,-0.43523261083029496,2.1292258825581465,5.655830221129344,7.771517953137846,270.7722023098367,0.05608241981628473,-0.3533552559314511,-0.3368156416211656,2.1292258825581465,1.1185350089073576,4.288153699398796,0.374627702462607,0.02516504892848026,0.20017941859253607,-0.04107692748934877,-0.11763215325582443,-0.09246710432734373,1.7843001143780426,2.5038535850207535
Michigan,MI,26,Midwest,East North Central,2024,725501935.01,71.83187475346534,0.1032791630481094,20.40237429880322,10100.0,562.1776,702.4669,2525.936,208.805,8.266440638242615,143105.0,14.16881188118812,254.5547883800422,4.288153699398796,20.40237429880322,10.32791630481094,55661.148514851484,10.927037669341509,16.12804598181149,5.341400802081927,2.651043202705761,5.539516091328527,250.09267326732675,7,1,-0.39346817819236884,-0.22817405766624002,-0.34384843433371115,-0.07835478061200228,-0.132508813014004,-0.28910753318321547,-0.45066653717787086,2.5038535850207535,5.53819806787352,7.971697371730382,252.8960445239515,-0.13464585060956274,-0.3273692339269966,-0.43523261083029496,2.5038535850207535,2.1292258825581465,,1.7843001143780426,0.00988018820401848,0.29474326651223315,0.028929082690575036,0.0013180234550072,0.011198211659025237,,4.288153699398796
Minnesota,MN,27,Midwest,West North Central,2017,10485051.81,1.8827530633866043,0.0029558512767325,16.165461259024596,5569.0,354.7219,354.7219,1779.864,217.59,12.225091355294564,90418.0,16.235949003411744,254.8982738308517,1.0587457623297343,16.165461259024596,0.29558512767325,63695.7981684324,11.061873876565654,15.532726062571806,5.382612558043431,2.7872278580140777,5.540864539412697,319.60208295923866,0,0,0.25627992379849174,-0.4114881503752976,-0.08877180994889312,-0.33199151216555517,-0.13032244505478247,0.22477938568456338,-0.06798332776946255,,,,,,,,,,1.1292511850651468,,,,,,,0.07050542273541249,1.0587457623297343
Minnesota,MN,27,Midwest,West North Central,2018,11741540.1,2.0933392939917987,0.0031526058749991,16.278643632914427,5609.0,364.7997,372.4392,1857.732,223.38,12.024339355730536,93512.0,16.671777500445714,256.33793010246444,1.1292511850651468,16.278643632914427,0.31526058749991,65038.27776787306,11.082731264287354,15.539883008490474,5.408874357112681,2.8137173197792693,5.546496613456189,331.2055624888572,1,0,0.25627992379849174,-0.4114881503752976,-0.08877180994889312,-0.33199151216555517,-0.12119062427709512,0.19871903485135536,-0.0041005123869017526,1.0587457623297343,5.540864539412697,12.225091355294564,319.60208295923866,-0.13032244505478247,0.22477938568456338,-0.06798332776946255,1.0587457623297343,,1.1677678498360589,0.07050542273541249,0.02085738772169954,-0.20075199956402834,0.026261799069249747,0.00563207404349253,0.026489461765191624,0.03851666477091209,1.1292511850651468
Minnesota,MN,27,Midwest,West North Central,2019,12491521.0,2.2148086879432625,0.0032458138257431,16.34056073216373,5640.0,369.6174,384.8502,1822.743,224.857,12.336187822419287,90663.0,16.075,245.28877698939496,1.1677678498360589,16.34056073216373,0.32458138257430996,65535.0,11.090339630053647,15.545394623474241,5.415464644597818,2.777265270123683,5.502436198034311,323.1813829787234,2,0,0.25627992379849174,-0.4114881503752976,-0.08877180994889312,-0.33199151216555517,-0.1926299934892121,0.23920122415136694,-0.04827753505789859,1.1292511850651468,5.546496613456189,12.024339355730536,331.2055624888572,-0.12119062427709512,0.19871903485135536,-0.0041005123869017526,1.1292511850651468,1.0587457623297343,1.1998544185782598,0.03851666477091209,0.00760836576629309,0.3118484666887511,0.006590287485137125,-0.04406041542187822,-0.03645204965558646,0.03208656874220095,1.1677678498360589
Minnesota,MN,27,Midwest,West North Central,2020,13247427.55,2.3196336105760813,0.0034956457038483,16.399314019864043,5711.0,357.8315,378.9694,1641.082,206.257,12.568354293082246,77110.0,13.502013657853263,215.49248738582264,1.1998544185782598,16.399314019864043,0.34956457038482996,62656.54001050604,11.045423344508974,15.557904697647,5.329122964032802,2.602838834162143,5.372926047617444,287.35457888285765,3,0,0.25627992379849174,-0.4114881503752976,-0.08877180994889312,-0.33199151216555517,-0.4026171977349813,0.2693396023011431,-0.24552156913933795,1.1677678498360589,5.502436198034311,12.336187822419287,323.1813829787234,-0.1926299934892121,0.23920122415136694,-0.04827753505789859,1.1677678498360589,1.1292511850651468,1.177285724053159,0.03208656874220095,-0.044916285544672974,0.2321664706629587,-0.0863416805650159,-0.1295101504168672,-0.17442643596153973,-0.022568694525100907,1.1998544185782598
Minnesota,MN,27,Midwest,West North Central,2021,12831089.33,2.24555291039552,0.0030833447268828,16.36738171583367,5714.0,377.9758,416.1419,1722.779,216.108,12.54415104897378,82587.0,14.45344767238362,218.49811548781696,1.177285724053159,16.36738171583367,0.30833447268828,66149.07245362268,11.09966614757968,15.558429861772856,5.3757782827258165,2.670932979344141,5.386777389728735,301.5014000700035,4,0,0.25627992379849174,-0.4114881503752976,-0.08877180994889312,-0.33199151216555517,-0.3801586908485365,0.266197690718005,-0.1676364172035161,1.1998544185782598,5.372926047617444,12.568354293082246,287.35457888285765,-0.4026171977349813,0.2693396023011431,-0.24552156913933795,1.1998544185782598,1.1677678498360589,1.674708412903418,-0.022568694525100907,0.05424280307070539,-0.024203244108464972,0.046655318693014536,0.013851342111291132,0.06809414518199786,0.4974226888502591,1.177285724053159
Minnesota,MN,27,Midwest,West North Central,2022,24843703.0,4.337238652234637,0.0054315784341632,17.02811491824484,5728.0,385.9218,457.3938,1756.803,230.038,13.09412609154242,84259.0,14.71002094972067,218.3317967526064,1.674708412903418,17.02811491824484,0.5431578434163199,67374.61592178771,11.118023607590786,15.560876987622619,5.43824451266761,2.6885289587945667,5.386015909168055,306.7044343575419,5,1,0.25627992379849174,-0.4114881503752976,-0.08877180994889312,-0.33199151216555517,-0.38139335217438614,0.33759196121081747,-0.13899117523350882,1.177285724053159,5.386777389728735,12.54415104897378,301.5014000700035,-0.3801586908485365,0.266197690718005,-0.1676364172035161,1.177285724053159,1.1998544185782598,2.4618070269353027,0.4974226888502591,0.018357460011106497,0.5499750425686383,0.062466229941793294,-0.000761480560679928,0.01759597945042568,0.7870986140318847,1.674708412903418
Minnesota,MN,27,Midwest,West North Central,2023,61706571.98,10.725981571354076,0.0127698184230022,17.93790101448195,5753.0,389.8645,483.222,1687.864,224.0,13.27121142461715,80817.0,14.047801147227531,207.29509868172147,2.4618070269353027,17.93790101448195,1.27698184230022,67767.16495741352,11.123833063957402,15.56523201584543,5.4116460518550396,2.6424658815553546,5.334143375562227,293.3884929601947,6,1,0.25627992379849174,-0.4114881503752976,-0.08877180994889312,-0.33199151216555517,-0.46549925641410483,0.36058005556287936,-0.212301928595065,1.674708412903418,5.386015909168055,13.09412609154242,306.7044343575419,-0.38139335217438614,0.33759196121081747,-0.13899117523350882,1.674708412903418,1.177285724053159,4.347914068360514,0.7870986140318847,0.005809456366616672,0.1770853330747304,-0.026598460812570224,-0.05187253360582833,-0.0460630772392121,1.8861070414252112,2.4618070269353027
Minnesota,MN,27,Midwest,West North Central,2024,442409745.17,76.31701658961532,0.0871420871586829,19.907747038151257,5797.0,399.2533,507.6878,1648.756,227.397,13.792034721935808,77890.0,13.436260134552354,195.08918273186472,4.347914068360514,19.907747038151257,8.714208715868288,68872.39951699154,11.140010789183313,15.57285110032187,5.426697388617275,2.597957032574261,5.273456801355223,284.41538726927723,7,1,0.25627992379849174,-0.4114881503752976,-0.08877180994889312,-0.33199151216555517,-0.5638962084056173,0.42819003145207835,-0.2617032528097448,2.4618070269353027,5.334143375562227,13.27121142461715,293.3884929601947,-0.46549925641410483,0.36058005556287936,-0.212301928595065,2.4618070269353027,1.674708412903418,,1.8861070414252112,0.016177725225910322,0.5208232973186586,0.015051336762235579,-0.060686574207003297,-0.04450884898109342,,4.347914068360514
Mississippi,MS,28,South,East South Central,2017,1904190.46,0.6366400735539953,0.0017266651130653,14.459568046000648,2991.0,110.2814,110.2814,1068.007,70.825,6.631510842157401,60161.0,20.1140086927449,545.5226357300506,0.49264540466863277,14.459568046000648,0.17266651130653,36871.07990638582,10.51518278036763,14.911118337612086,4.26021204571658,3.0014165221960494,6.301744299792694,357.0735539953193,0,0,-0.46001540124130447,0.6028758826405176,0.13399449445523168,0.5252279857001292,1.1033647457569236,-0.5013437458544461,0.13831540014233717,,,,,,,,,,0.5627281713746035,,,,,,,0.07008276670597074,0.49264540466863277
Mississippi,MS,28,South,East South Central,2018,2253522.73,0.7554551558833389,0.0019913355289202,14.62800565134362,2983.0,110.1748,113.1664,1104.531,70.844,6.413944017868217,62974.0,21.11096211867248,571.5826123578169,0.5627281713746035,14.628005651343619,0.19913355289202,36934.227287965135,10.516893968882078,14.908440063496885,4.260480276594386,3.0497924372627954,6.348409026344991,370.2752262822662,1,0,-0.46001540124130447,0.6028758826405176,0.13399449445523168,0.5252279857001292,1.1790267339027887,-0.5295868905451903,0.21099704630678076,0.49264540466863277,6.301744299792694,6.631510842157401,357.0735539953193,1.1033647457569236,-0.5013437458544461,0.13831540014233717,0.49264540466863277,,0.5779803015039591,0.07008276670597074,0.001711188514448736,-0.21756682428918417,0.0002682308778059195,0.04666472655229725,0.04837591506674599,0.015252130129355557,0.5627281713746035
Mississippi,MS,28,South,East South Central,2019,2330090.87,0.7824348119543318,0.002006351940015,14.661418253949122,2978.0,111.2078,116.1357,1092.244,66.986,6.132878734055761,62400.0,20.953660174613837,561.1117205807506,0.5779803015039591,14.661418253949122,0.20063519400149998,37343.1161853593,10.527903867961726,14.906762492226092,4.204483642332901,3.042313341113565,6.329920031116112,366.7709872397582,2,0,-0.46001540124130447,0.6028758826405176,0.13399449445523168,0.5252279857001292,1.1490487560768894,-0.566073002360239,0.19170450089077143,0.5627281713746035,6.348409026344991,6.413944017868217,370.2752262822662,1.1790267339027887,-0.5295868905451903,0.21099704630678076,0.5627281713746035,0.49264540466863277,0.6801359223803488,0.015252130129355557,0.011009899079647667,-0.2810652838124561,-0.0559966342614846,-0.018488995228879368,-0.007479096149230369,0.10215562087638974,0.5779803015039591
Mississippi,MS,28,South,East South Central,2020,2881524.0,0.9741460446247464,0.002453580332693,14.873830225858008,2958.0,111.195,117.4416,1035.771,65.069,6.28218013441195,62938.0,21.277214334009464,566.014658932506,0.6801359223803488,14.873830225858008,0.24535803326929997,37591.27789046653,10.534527331470322,14.900023922252883,4.175448245323643,3.0576367505478914,6.338619977041844,350.15922920892496,3,0,-0.46001540124130447,0.6028758826405176,0.13399449445523168,0.5252279857001292,1.1631548112096612,-0.5466916418675851,0.10024866915041254,0.5779803015039591,6.329920031116112,6.132878734055761,366.7709872397582,1.1490487560768894,-0.566073002360239,0.19170450089077143,0.5779803015039591,0.5627281713746035,0.6520490073020542,0.10215562087638974,0.006623463508596217,0.14930140035618944,-0.029035397009258723,0.008699945925732422,0.015323409434326418,-0.02808691507829464,0.6801359223803488
Mississippi,MS,28,South,East South Central,2021,2710597.0,0.9194698100407056,0.002078605355946,14.81267983271976,2948.0,116.0784,130.40460000000002,1081.517,66.133,6.114836844913209,62836.0,21.314789687924016,541.323794952377,0.6520490073020542,14.81267983271976,0.2078605355946,39375.305291723205,10.580894129538466,14.896637532291365,4.191667865847379,3.059401183310603,6.294017611736412,366.8646540027137,4,0,-0.46001540124130447,0.6028758826405176,0.13399449445523168,0.5252279857001292,1.0908367267731194,-0.5684150859348477,0.1922201821146744,0.6801359223803488,6.338619977041844,6.28218013441195,350.15922920892496,1.1631548112096612,-0.5466916418675851,0.10024866915041254,0.6801359223803488,0.5779803015039591,1.6295132522391587,-0.02808691507829464,0.04636679806814392,-0.16734328949874122,0.016219620523736822,-0.04460236530543238,0.001764432762711543,0.9774642449371045,0.6520490073020542
Mississippi,MS,28,South,East South Central,2022,12062191.0,4.101391023461408,0.0085110312847064,16.30558649062463,2941.0,115.7003,141.72420000000002,1099.605,67.958,6.180219260552653,65056.0,22.120367222033323,562.2803052368922,1.6295132522391587,16.30558649062463,0.85110312847064,39340.46242774567,10.580008846519254,14.894260217536132,4.21888986729476,3.096498777874078,6.332000489319099,373.8881332879973,5,1,-0.46001540124130447,0.6028758826405176,0.13399449445523168,0.5252279857001292,1.1524220021135065,-0.5599275555810437,0.23088786187226196,0.6520490073020542,6.294017611736412,6.114836844913209,366.8646540027137,1.0908367267731194,-0.5684150859348477,0.1922201821146744,0.6520490073020542,0.6801359223803488,2.122204995012189,0.9774642449371045,-0.0008852830192118688,0.06538241563944425,0.02722200144738096,0.037982877582686925,0.037097594563475056,0.4926917427730304,1.6295132522391587
Mississippi,MS,28,South,East South Central,2023,21622311.0,7.349527872195785,0.0142710315163363,16.889236302478224,2942.0,119.4542,151.5119,1076.469,68.636,6.37603126518274,63914.0,21.724677090414684,535.0502535699875,2.122204995012189,16.889236302478224,1.4271031516336299,40603.05914343984,10.611598691111865,14.89460018014352,4.228817178423374,3.0784488075387917,6.2823606743911995,365.8970088375255,6,1,-0.46001540124130447,0.6028758826405176,0.13399449445523168,0.5252279857001292,1.0719362183935812,-0.5345084835464149,0.18689282343008717,1.6295132522391587,6.332000489319099,6.180219260552653,373.8881332879973,1.1524220021135065,-0.5599275555810437,0.23088786187226196,1.6295132522391587,0.6520490073020542,3.5997069045817707,0.4926917427730304,0.03158984459261127,0.19581200463008663,0.00992731112861378,-0.04963981492789937,-0.018049970335286325,1.4775019095695816,2.122204995012189
Mississippi,MS,28,South,East South Central,2024,104983152.26,35.58750924067797,0.0663642199372409,18.46931045010624,2950.0,123.4193,158.1924,1069.829,71.035,6.639846181025192,64747.0,21.94813559322034,524.6100083212269,3.5997069045817707,18.469310450106242,6.63642199372409,41837.05084745763,10.641537609817082,14.897315728316002,4.263172713324041,3.0886821971082243,6.262655145255417,362.65389830508474,7,1,-0.46001540124130447,0.6028758826405176,0.13399449445523168,0.5252279857001292,1.0399857576915637,-0.5002617050494725,0.16903791784936753,2.122204995012189,6.2823606743911995,6.37603126518274,365.8970088375255,1.0719362183935812,-0.5345084835464149,0.18689282343008717,2.122204995012189,1.6295132522391587,,1.4775019095695816,0.029938918705216366,0.26381491584245165,0.03435553490066656,-0.019705529135782385,0.01023338956943265,,3.5997069045817707
Missouri,MO,29,Midwest,West North Central,2017,6670651.32,1.091580972017673,0.0021430172793212,15.713228212210236,6111.0,311.2738,311.2738,1723.077,82.699,4.799495321451102,124042.0,20.298150875470466,398.49804255931593,0.7379202259571591,15.713228212210236,0.21430172793212,50936.638847979055,10.838337763788365,15.625600983877053,4.41520751005811,3.0105297920205047,5.987702586196414,281.96318114874816,0,0,-0.6946172184137341,0.08971704658635742,-0.31253348319836943,0.20703978505096837,0.59417885382204,-0.7391643768079184,-0.27520384377281554,,,,,,,,,,0.7988098444939056,,,,,,,0.06088961853674646,0.7379202259571591
Missouri,MO,29,Midwest,West North Central,2018,7491447.2,1.2228937642833824,0.0023377780607118,15.829272687938326,6126.0,314.18240000000003,320.4516,1836.775,87.913,4.786269412421227,124378.0,20.303297420829253,395.87831781792994,0.7988098444939056,15.829272687938326,0.23377780607118,51286.712373490045,10.845186979547266,15.628052566374858,4.476347689091303,3.0107833073802914,5.981106885797299,299.8326803787137,1,0,-0.6946172184137341,0.08971704658635742,-0.31253348319836943,0.20703978505096837,0.5834846133907325,-0.7408812804011834,-0.17682353316229404,0.7379202259571591,5.987702586196414,4.799495321451102,281.96318114874816,0.59417885382204,-0.7391643768079184,-0.27520384377281554,0.7379202259571591,,0.842039597380987,0.06088961853674646,0.006849215758901295,-0.01322590902987475,0.06114017903319269,-0.006595700399114612,0.0002535153597866824,0.04322975288708142,0.7988098444939056
Missouri,MO,29,Midwest,West North Central,2019,8111531.0,1.321096254071661,0.0024231594185754,15.908797310841145,6140.0,321.3291,334.7502,1772.161,91.83,5.181809101994683,116668.0,19.00130293159609,363.0794721050786,0.842039597380987,15.908797310841145,0.24231594185754,52333.72964169381,10.865396368404882,15.630335300123326,4.519939041625431,2.9445075521624213,5.8946217417218145,288.6255700325733,2,0,-0.6946172184137341,0.08971704658635742,-0.31253348319836943,0.20703978505096837,0.4432579705002126,-0.6895348275582326,-0.23852414282743725,0.7988098444939056,5.981106885797299,4.786269412421227,299.8326803787137,0.5834846133907325,-0.7408812804011834,-0.17682353316229404,0.7988098444939056,0.7379202259571591,0.8954404567176623,0.04322975288708142,0.020209388857615807,0.3955396895734564,0.04359135253412827,-0.08648514407548458,-0.0662757552178701,0.053400859336675266,0.842039597380987
Missouri,MO,29,Midwest,West North Central,2020,8914988.0,1.4484139723801788,0.0026535008399539,16.003244575403127,6155.0,316.1586,335.9708,1654.404,77.057,4.657689415644546,108354.0,17.604224207961007,342.72039413129994,0.8954404567176623,16.003244575403127,0.26535008399539,51366.141348497156,10.846734505757768,15.632775317600691,4.344545407736844,2.8681388850618443,5.836914937268351,268.7902518277823,3,0,-0.6946172184137341,0.08971704658635742,-0.31253348319836943,0.20703978505096837,0.3496924044489365,-0.7575727197562586,-0.34772724588773696,0.842039597380987,5.8946217417218145,5.181809101994683,288.6255700325733,0.4432579705002126,-0.6895348275582326,-0.23852414282743725,0.842039597380987,0.7988098444939056,0.8636272767394529,0.053400859336675266,-0.018661862647114447,-0.5241196863501374,-0.17539363388858664,-0.057706804453463434,-0.07636866710057699,-0.031813179978209316,0.8954404567176623
Missouri,MO,29,Midwest,West North Central,2021,8467801.0,1.3717480965494897,0.0023123868254207,15.951781528818982,6173.0,331.578,366.1931,1696.19,88.878,5.23986110046634,116558.0,18.881905070468168,351.52513134164514,0.8636272767394529,15.951781528818982,0.23123868254207,53714.239429774825,10.891433411636623,15.635695501376032,4.48726464282797,2.9382040597830255,5.862281206110676,274.77563583346836,4,0,-0.6946172184137341,0.08971704658635742,-0.31253348319836943,0.20703978505096837,0.390821164312169,-0.6819988854504295,-0.3147747870625224,0.8954404567176623,5.836914937268351,4.657689415644546,268.7902518277823,0.3496924044489365,-0.7575727197562586,-0.34772724588773696,0.8954404567176623,0.842039597380987,1.4599245428905137,-0.031813179978209316,0.044698905878854944,0.5821716848217937,0.14271923509112572,0.02536626884232529,0.07006517472118112,0.5962972661510607,0.8636272767394529
Missouri,MO,29,Midwest,West North Central,2022,20425516.35,3.305634625343907,0.0051380177160912,16.832295527642927,6179.0,337.22540000000004,397.5369,1730.077,95.734,5.533510936218446,113100.0,18.30393267519016,335.38398946224095,1.4599245428905137,16.832295527642927,0.51380177160912,54576.047904191626,10.907350382410014,15.636667004043117,4.561573512270013,2.9071159370432325,5.815276112597493,279.9930409451367,5,1,-0.6946172184137341,0.08971704658635742,-0.31253348319836943,0.20703978505096837,0.3146073066309505,-0.6438791269502256,-0.2860504266951028,0.8636272767394529,5.862281206110676,5.23986110046634,274.77563583346836,0.390821164312169,-0.6819988854504295,-0.3147747870625224,0.8636272767394529,0.8954404567176623,2.2221939630295218,0.5962972661510607,0.01591697077339127,0.293649835752106,0.07430886944204307,-0.04700509351318338,-0.031088122739793,0.7622694201390081,1.4599245428905137
Missouri,MO,29,Midwest,West North Central,2023,51060197.55,8.22755358524009,0.0119052715130524,17.748515858332528,6206.0,346.8953,428.8873,1678.345,90.693,5.403716160860848,101275.0,16.31888495004834,291.9468784961918,2.2221939630295218,17.748515858332528,1.19052715130524,55896.761198839835,10.931261718266795,15.641027123990462,4.507480176634485,2.7923230230625657,5.676571862760046,270.4390912020625,6,1,-0.6946172184137341,0.08971704658635742,-0.31253348319836943,0.20703978505096837,0.08971282888830932,-0.6607282611530338,-0.33864958077239177,1.4599245428905137,5.815276112597493,5.533510936218446,279.9930409451367,0.3146073066309505,-0.6438791269502256,-0.2860504266951028,1.4599245428905137,0.8636272767394529,3.7187043926959604,0.7622694201390081,0.023911335856780624,-0.1297947753575972,-0.054093335635528206,-0.13870424983744734,-0.11479291398066671,1.4965104296664387,2.2221939630295218
Missouri,MO,29,Midwest,West North Central,2024,251077273.43,40.21096627642537,0.0559548936058783,19.341271315969948,6244.0,353.30740000000003,448.7137,1667.243,91.309,5.476646175752425,98033.0,15.700352338244716,277.47225220869984,3.7187043926959604,19.341271315969948,5.5954893605878295,56583.50416399744,10.943472775846905,15.64713156061746,4.514249358865289,2.7536831540288613,5.62572093614623,267.0152146060218,7,1,-0.6946172184137341,0.08971704658635742,-0.31253348319836943,0.20703978505096837,0.007263353858194568,-0.6512609493530367,-0.35749969171706375,2.2221939630295218,5.676571862760046,5.403716160860848,270.4390912020625,0.08971282888830932,-0.6607282611530338,-0.33864958077239177,2.2221939630295218,1.4599245428905137,,1.4965104296664387,0.012211057580110207,0.07293001489157636,0.006769182230804027,-0.05085092661381552,-0.03863986903370442,,3.7187043926959604
Montana,MT,30,West,Mountain,2017,2782888.0,2.6403111954459204,0.0057414055972189,14.83900015469643,1054.0,48.4705,48.4705,382.378,64.575,16.88773935738981,31270.0,29.667931688804558,645.1346695412674,1.2920691712486831,14.83900015469643,0.5741405597218899,45987.19165085389,10.736118194326215,13.868103008083445,4.167827338981904,3.3900667213505793,6.469459084988638,362.78747628083494,0,0,0.8533631262951733,0.9505510179710499,0.16796351984980634,0.1163560836813303,1.3752967815133215,0.8300547653083844,0.16977332976975265,,,,,,,,,,1.3728627516532914,,,,,,,0.08079358040460827,1.2920691712486831
Montana,MT,30,West,Mountain,2018,3129324.0,2.946632768361582,0.0061176843179458,14.956327884307386,1062.0,49.455,51.1521,393.748,69.952,17.765677539949408,31272.0,29.44632768361582,632.332423415226,1.3728627516532914,14.956327884307386,0.61176843179458,46567.79661016949,10.748664521354193,13.875664480784021,4.247809292554074,3.3825692056709067,6.4494152422809865,370.76082862523543,1,0,0.8533631262951733,0.9505510179710499,0.16796351984980634,0.1163560836813303,1.3427977806321247,0.9440231297434045,0.2136705240981672,1.2920691712486831,6.469459084988638,16.88773935738981,362.78747628083494,1.3752967815133215,0.8300547653083844,0.16977332976975265,1.2920691712486831,,1.3917695318954655,0.08079358040460827,0.012546327027978421,0.8779381825595998,0.07998195357216975,-0.02004384270765147,-0.007497515679672606,0.01890678024217407,1.3728627516532914
Montana,MT,30,West,Mountain,2019,3233498.0,3.0219607476635515,0.0061338541152903,14.989075390606327,1070.0,50.2635,52.7156,406.253,65.468,16.115080996324952,32321.0,30.206542056074763,643.031225441921,1.3917695318954655,14.989075390606327,0.61338541152903,46975.233644859814,10.757375798082172,13.883169206438088,4.1815614736436375,3.408058525294489,6.466193285176591,379.6757009345794,2,0,0.8533631262951733,0.9505510179710499,0.16796351984980634,0.1163560836813303,1.370001627658966,0.729753159310485,0.2627512451390607,1.3728627516532914,6.4494152422809865,17.765677539949408,370.76082862523543,1.3427977806321247,0.9440231297434045,0.2136705240981672,1.3728627516532914,1.2920691712486831,1.4435855475005879,0.01890678024217407,0.008711276727979111,-1.6505965436244558,-0.06624781891043607,0.016778042895604806,0.02548931962358214,0.05181601560512239,1.3917695318954655
Montana,MT,30,West,Mountain,2020,3517376.0,3.2358564857405705,0.0066293912430523,15.073226099342229,1087.0,50.0629,53.057300000000005,370.978,59.811,16.12251939468109,26236.0,24.13615455381785,524.0607315996476,1.4435855475005879,15.073226099342229,0.6629391243052299,46056.02575896964,10.737613885652207,13.898932166103346,4.091189590528799,3.1837109052924166,6.261607577604484,341.2861085556578,3,0,0.8533631262951733,0.9505510179710499,0.16796351984980634,0.1163560836813303,1.0382872359805648,0.7307187649892282,0.0513978113441,1.3917695318954655,6.466193285176591,16.115080996324952,379.6757009345794,1.370001627658966,0.729753159310485,0.2627512451390607,1.3917695318954655,1.3728627516532914,1.4091109593725997,0.05181601560512239,-0.019761912429965278,0.007438398356136133,-0.09037188311483835,-0.20458570757210737,-0.2243476200020722,-0.034474588127988204,1.4435855475005879
Montana,MT,30,West,Mountain,2021,3420101.0,3.0923155515370704,0.0056704175426263,15.045180933155448,1106.0,53.3459,60.314800000000005,380.255,56.334,14.814795334709604,28497.0,25.76582278481013,534.1928808024609,1.4091109593725997,15.045180933155448,0.56704175426263,48233.18264014467,10.7838024996925,13.916260461064416,4.031298260504466,3.249048915476012,6.280756973747786,343.8110307414105,4,0,0.8533631262951733,0.9505510179710499,0.16796351984980634,0.1163560836813303,1.0693359850259754,0.5609583248945105,0.06529873971959689,1.4435855475005879,6.261607577604484,16.12251939468109,341.2861085556578,1.0382872359805648,0.7307187649892282,0.0513978113441,1.4435855475005879,1.3917695318954655,3.467126118043546,-0.034474588127988204,0.046188614040293174,-1.307724059971484,-0.059891330024333556,0.0191493961433018,0.06533801018359542,2.0580151586709463,1.4091109593725997
Montana,MT,30,West,Mountain,2022,34831949.0,31.044517825311942,0.0504169317882462,17.36604562699379,1122.0,55.8069,69.0878,389.202,60.905,15.648686286298632,29643.0,26.419786096256683,531.1708767195454,3.467126118043546,17.36604562699379,5.04169317882462,49738.770053475935,10.814539989538114,13.930623365064779,4.109315273151922,3.274113202780431,6.2750837712065906,346.88235294117646,5,1,0.8533631262951733,0.9505510179710499,0.16796351984980634,0.1163560836813303,1.0601374786779323,0.6692087572799506,0.08220786672474965,1.4091109593725997,6.280756973747786,14.814795334709604,343.8110307414105,1.0693359850259754,0.5609583248945105,0.06529873971959689,1.4091109593725997,1.4435855475005879,3.0428418971059235,2.0580151586709463,0.030737489845613197,0.8338909515890283,0.07801701264745642,-0.005673202541195188,0.025064287304418897,-0.4242842209376225,3.467126118043546
Montana,MT,30,West,Mountain,2023,22580119.0,19.9647382847038,0.0302316619427154,16.932580431109223,1131.0,58.6049,74.69030000000001,382.214,58.731,15.365999152307348,29414.0,26.00707338638373,501.90342445768187,3.0428418971059235,16.932580431109223,3.02316619427154,51816.887709991155,10.855471392682793,13.938612755098257,4.072967696462515,3.2583685543441385,6.2184077196256204,337.94341290893016,6,1,0.8533631262951733,0.9505510179710499,0.16796351984980634,0.1163560836813303,0.9682431709277736,0.6325121071651539,0.032994641128225005,3.467126118043546,6.2750837712065906,15.648686286298632,346.88235294117646,1.0601374786779323,0.6692087572799506,0.08220786672474965,3.467126118043546,1.4091109593725997,4.495735824602478,-0.4242842209376225,0.040931403144679024,-0.28268713399128487,-0.03634757668940658,-0.05667605158097011,-0.01574464843629242,1.4528939274965542,3.0428418971059235
Montana,MT,30,West,Mountain,2024,100865605.46,88.63409970123023,0.1285878628013411,18.4292995596236,1138.0,60.6057,78.441,369.309,64.697,17.518392457264785,27163.0,23.86906854130053,448.19216674339214,4.495735824602478,18.4292995596236,12.85878628013411,53256.32688927944,10.882871891335899,13.944782893668414,4.16971483258021,3.1725834174402356,6.105222084068611,324.52460456942003,7,1,0.8533631262951733,0.9505510179710499,0.16796351984980634,0.1163560836813303,0.7847244652904627,0.9119221493069694,-0.040882444931931425,3.0428418971059235,6.2184077196256204,15.365999152307348,337.94341290893016,0.9682431709277736,0.6325121071651539,0.032994641128225005,3.0428418971059235,3.467126118043546,,1.4528939274965542,0.027400498653106453,2.152393304957437,0.09674713611769459,-0.11318563555700933,-0.08578513690390288,,4.495735824602478
Nebraska,NE,31,Midwest,West North Central,2017,2807971.22,1.464773719353156,0.0022788293287042,14.847973150916507,1917.0,123.2199,123.2199,838.453,148.734,17.739098077053814,47598.0,24.82942097026604,386.28500753530886,0.9021000058583574,14.847973150916507,0.22788293287042002,64277.464788732395,11.07096437894816,14.466272022027782,5.002159475615212,3.212029279484413,5.956575458500528,437.377673448096,0,0,0.9623852936520124,0.04708998194057914,0.6113990751747183,-0.13335842990782043,0.5437094620406158,0.940572752514178,0.5804287528109132,,,,,,,,,,0.9879976187141851,,,,,,,0.08589761285582775,0.9021000058583574
Nebraska,NE,31,Midwest,West North Central,2018,3246949.0,1.6858509865005191,0.0025375829201653,14.99322665213673,1926.0,125.5434,127.9544,874.007,150.75,17.248145609817772,52111.0,27.056593977154726,415.0835487966712,0.9879976187141851,14.99322665213673,0.25375829201653,65183.48909657321,11.084961481130286,14.470955871340207,5.015622835607295,3.297930745535691,6.028479822369681,453.7938733125649,1,0,0.9623852936520124,0.04708998194057914,0.6113990751747183,-0.13335842990782043,0.6602948902356507,0.8768404182590483,0.6708079414455109,0.9021000058583574,5.956575458500528,17.739098077053814,437.377673448096,0.5437094620406158,0.940572752514178,0.5804287528109132,0.9021000058583574,,1.0062991995775543,0.08589761285582775,0.013997102182125687,-0.4909524672360419,0.013463359992083035,0.07190436386915255,0.0859014660512778,0.018301580863369193,0.9879976187141851
Nebraska,NE,31,Midwest,West North Central,2019,3354642.0,1.7354588722193482,0.0025251693286021,15.025855914380395,1933.0,127.5689,132.84820000000002,866.776,156.735,18.082526512040022,50333.0,26.03879979306777,394.55541280045526,1.0062991995775543,15.025855914380397,0.25251693286021,65995.29229177444,11.097338689552027,14.474583758190468,5.054556481154184,3.2595877253821355,5.977759593794383,448.40972581479565,2,0,0.9623852936520124,0.04708998194057914,0.6113990751747183,-0.13335842990782043,0.578057328446471,0.9851544529270084,0.6411655828999981,0.9879976187141851,6.028479822369681,17.248145609817772,453.7938733125649,0.6602948902356507,0.8768404182590483,0.6708079414455109,0.9879976187141851,0.9021000058583574,1.066067344446537,0.018301580863369193,0.01237720842174106,0.8343809022222501,0.03893364554688894,-0.050720228575297455,-0.03834302015355551,0.05976814486898263,1.0062991995775543
Nebraska,NE,31,Midwest,West North Central,2020,3737428.0,1.90393683138054,0.0027681678634517,15.133908499845122,1963.0,126.7112,135.0145,813.133,145.474,17.89055418978199,46373.0,23.62353540499236,365.9739628383284,1.066067344446537,15.133908499845122,0.27681678634517,64549.77075904228,11.075191844898107,14.489984473258598,4.979997376485768,3.162243478018657,5.902562191084824,414.2297503820683,3,0,0.9623852936520124,0.04708998194057914,0.6113990751747183,-0.13335842990782043,0.4561325811529411,0.9602338240955415,0.4529881439881748,1.0062991995775543,5.977759593794383,18.082526512040022,448.40972581479565,0.578057328446471,0.9851544529270084,0.6411655828999981,1.0062991995775543,0.9879976187141851,1.0407089184767908,0.05976814486898263,-0.022146844653919473,-0.19197232225803162,-0.07455910466841598,-0.07519740270955921,-0.09734424736347869,-0.025358425969746134,1.066067344446537
Nebraska,NE,31,Midwest,West North Central,2021,3598354.0,1.8312234096692117,0.0023837657541279,15.095987354550967,1965.0,135.16639999999998,150.9525,843.982,158.274,18.753243552587616,47106.0,23.972519083969463,348.50377016773405,1.0407089184767908,15.095987354550967,0.23837657541278998,68786.97201017811,11.138769645673328,14.491002803285499,5.06432770829303,3.176908136122949,5.853649048413895,429.50737913486006,4,0,0.9623852936520124,0.04708998194057914,0.6113990751747183,-0.13335842990782043,0.3768250207240318,1.0722226835022484,0.5370989432192727,1.066067344446537,5.902562191084824,17.89055418978199,414.2297503820683,0.4561325811529411,0.9602338240955415,0.4529881439881748,1.066067344446537,1.0062991995775543,2.8594480692792894,-0.025358425969746134,0.0635778007752208,0.8626893628056251,0.08433033180726213,-0.048913142670929055,0.014664658104292183,1.8187391508024986,1.0407089184767908
Nebraska,NE,31,Midwest,West North Central,2022,32459583.0,16.45189204257476,0.0193395759776263,17.29550630419534,1973.0,139.87810000000002,167.8402,848.203,168.474,19.862462170022976,48249.0,24.454637607704004,344.93605503649246,2.8594480692792894,17.29550630419534,1.93395759776263,70896.14799797264,11.16897138097338,14.495065785004753,5.126781435215912,3.196819875141142,5.843359052132037,429.90522047643185,5,1,0.9623852936520124,0.04708998194057914,0.6113990751747183,-0.13335842990782043,0.36014086474110946,1.2162144065429539,0.5392892538851645,1.0407089184767908,5.853649048413895,18.753243552587616,429.50737913486006,0.3768250207240318,1.0722226835022484,0.5370989432192727,1.0407089184767908,1.066067344446537,2.346184074633012,1.8187391508024986,0.03020173530005188,1.10921861743536,0.062453726922881536,-0.010289996281858116,0.019911739018192876,-0.5132639946462776,2.8594480692792894
Nebraska,NE,31,Midwest,West North Central,2023,18777920.03,9.445633817907446,0.0102175579888878,16.748192324338596,1988.0,147.1465,183.7809,838.213,164.526,19.6281851987502,45527.0,22.90090543259557,309.3991362349767,2.346184074633012,16.748192324338596,1.02175579888878,74017.3541247485,11.21205485989122,14.502639666198656,5.103068612427343,3.1311764483198576,5.734632146392912,421.63631790744466,6,1,0.9623852936520124,0.04708998194057914,0.6113990751747183,-0.13335842990782043,0.18385152456998946,1.1858020565949141,0.4937649113909474,2.8594480692792894,5.843359052132037,19.862462170022976,429.90522047643185,0.36014086474110946,1.2162144065429539,0.5392892538851645,2.8594480692792894,1.0407089184767908,5.260788859563659,-0.5132639946462776,0.04308347891783981,-0.23427697127277725,-0.023712822788568566,-0.10872690573912447,-0.06564342682128421,2.9146047849306473,2.346184074633012
Nebraska,NE,31,Midwest,West North Central,2024,384416584.49,191.63339206879365,0.2031341681819166,19.76723738056564,2006.0,148.1028,189.2427,845.742,168.64,19.93988710505095,43538.0,21.70388833499501,293.9714846714579,5.260788859563659,19.767237380565636,20.31341681819166,73829.91026919242,11.209519216681924,14.511653247504018,5.127766265352998,3.0774914304390006,5.6834827717213505,421.6061814556331,7,1,0.9623852936520124,0.04708998194057914,0.6113990751747183,-0.13335842990782043,0.10091814713487388,1.2262652203552655,0.4935989955221384,2.346184074633012,5.734632146392912,19.6281851987502,421.63631790744466,0.18385152456998946,1.1858020565949141,0.4937649113909474,2.346184074633012,2.8594480692792894,,2.9146047849306473,-0.002535643209295557,0.3117019063007511,0.024697652925654623,-0.05114937467156189,-0.053685017880857,,5.058846185902059
Nevada,NV,32,West,Mountain,2017,1236296.9,0.4159814602960969,0.000757539042801,14.027631907376737,2972.0,163.19910000000002,163.19910000000002,699.397,50.374,7.202490145082121,40195.0,13.524562584118438,246.29425039721417,0.3478229021745828,14.027631907376735,0.07575390428010001,54912.21399730822,10.913491079935543,14.904745684819787,3.919475168953186,2.6045074829244115,5.506526960953143,235.32873485868103,0,0,-0.38689768989006906,-0.44151870890546746,-0.5897732864601073,-0.28277879910293513,-0.18599724798013206,-0.4272228355520164,-0.5319492204688215,,,,,,,,,,0.39576618521826484,,,,,,,0.04794328304368206,0.3478229021745828
Nevada,NV,32,West,Mountain,2018,1471617.0,0.4855219399538106,0.0008528744771741,14.20187303372262,3031.0,168.6385,172.5479,714.838,54.345,7.602421807458473,41373.0,13.649950511382382,245.33543645134412,0.39576618521826484,14.20187303372262,0.08528744771741,55637.90828109535,10.926620051533003,14.92440315603994,3.99535261301515,2.6137358960846444,5.502626402515915,235.84229627185746,1,0,-0.38689768989006906,-0.44151870890546746,-0.5897732864601073,-0.28277879910293513,-0.19232159675584037,-0.37530624466639634,-0.5291218143565589,0.3478229021745828,5.506526960953143,7.202490145082121,235.32873485868103,-0.18599724798013206,-0.4272228355520164,-0.5319492204688215,0.3478229021745828,,0.42931263485266624,0.04794328304368206,0.013128971597460293,0.39993166237635247,0.07587744406196428,-0.003900558437227808,0.009228413160232929,0.0335464496344014,0.39576618521826484
Nevada,NV,32,West,Mountain,2019,1657398.0,0.5362012293756065,0.000897778085933,14.320760064042243,3091.0,176.02970000000002,184.6111,715.066,58.266,8.148338754744316,41754.0,13.508249757360078,237.198609098351,0.42931263485266624,14.320760064042245,0.0897778085933,56949.11032028471,10.94991334663363,14.944005221114253,4.065018732840272,2.6033005919407888,5.468897803271433,231.33807829181495,2,0,-0.38689768989006906,-0.44151870890546746,-0.5897732864601073,-0.28277879910293513,-0.24700900338518525,-0.3044387703550112,-0.553919731647436,0.39576618521826484,5.502626402515915,7.602421807458473,235.84229627185746,-0.19232159675584037,-0.37530624466639634,-0.5291218143565589,0.39576618521826484,0.3478229021745828,0.5037851828118687,0.0335464496344014,0.023293295100627276,0.5459169472858427,0.06966611982512205,-0.03372859924448246,-0.010435304143855628,0.07447254795920244,0.42931263485266624
Nevada,NV,32,West,Mountain,2020,2041553.36,0.6549738081488611,0.0011587969260756,14.529222016867056,3117.0,165.92479999999998,176.17870000000002,643.726,57.515,8.934702031609723,36212.0,11.61758100737889,218.24344522337836,0.5037851828118687,14.529222016867056,0.11587969260756,53232.210458774454,10.882418951864329,14.952381558749474,4.052045783347974,2.452519554827994,5.3856111609279385,206.521013795316,3,0,-0.38689768989006906,-0.44151870890546746,-0.5897732864601073,-0.28277879910293513,-0.3820496092406617,-0.20235807914412482,-0.6905497783088848,0.42931263485266624,5.468897803271433,8.148338754744316,231.33807829181495,-0.24700900338518525,-0.3044387703550112,-0.553919731647436,0.42931263485266624,0.39576618521826484,0.4713809363582698,0.07447254795920244,-0.06749439476930164,0.7863632768654067,-0.012972949492298547,-0.08328664234349414,-0.1507810371127949,-0.032404246453598906,0.5037851828118687
Nevada,NV,32,West,Mountain,2021,1895742.0,0.602205209656925,0.0009380598322148,14.455121404086366,3148.0,182.6183,202.0918,687.648,63.622,9.252117362371443,39466.0,12.53684879288437,216.11196687298045,0.4713809363582698,14.455121404086366,0.09380598322148,58010.8958068615,10.968386130624305,14.96227788851943,4.152959322482016,2.5286722111920774,5.375796638532047,218.43964421855145,4,0,-0.38689768989006906,-0.44151870890546746,-0.5897732864601073,-0.28277879910293513,-0.39796283389747067,-0.16115323487132382,-0.6249319035156371,0.5037851828118687,5.3856111609279385,8.934702031609723,206.521013795316,-0.3820496092406617,-0.20235807914412482,-0.6905497783088848,0.5037851828118687,0.42931263485266624,1.052451593927292,-0.032404246453598906,0.08596717875997584,0.3174153307617207,0.10091353913404255,-0.009814522395891423,0.07615265636408353,0.5810706575690223,0.4713809363582698
Nevada,NV,32,West,Mountain,2022,5925907.0,1.864665512901196,0.0025494581563505,15.594844482189195,3178.0,194.4639,232.4379,706.678,72.818,10.30426870512454,40465.0,12.732850849590935,208.08489390575835,1.052451593927292,15.594844482189197,0.25494581563505,61190.65449968533,11.021749752586429,14.971762626078798,4.2879631773879705,2.544185334833141,5.3379461402109865,222.36563876651982,5,1,-0.38689768989006906,-0.44151870890546746,-0.5897732864601073,-0.28277879910293513,-0.45933347006896214,-0.02456962334405046,-0.6033173882953867,0.4713809363582698,5.375796638532047,9.252117362371443,218.43964421855145,-0.39796283389747067,-0.16115323487132382,-0.6249319035156371,0.4713809363582698,0.5037851828118687,2.0064166082860106,0.5810706575690223,0.05336362196212363,1.0521513427530973,0.13500385490595423,-0.03785049832106058,0.015513123641063498,0.9539650143587186,1.052451593927292
Nevada,NV,32,West,Mountain,2023,20667990.73,6.4366212176891935,0.0081548775327657,16.844096768253657,3211.0,201.1586,253.4433,686.412,74.918,10.914436227804876,39129.0,12.185923388352538,194.5181563204357,2.0064166082860106,16.844096768253657,0.8154877532765699,62646.714419184056,11.045266515520185,14.982092973071651,4.316394182078082,2.5002814649488787,5.2705255073929695,213.76891933976955,6,1,-0.38689768989006906,-0.44151870890546746,-0.5897732864601073,-0.28277879910293513,-0.5686489959050905,0.05463845300194565,-0.6506465225118035,1.052451593927292,5.3379461402109865,10.30426870512454,222.36563876651982,-0.45933347006896214,-0.02456962334405046,-0.6033173882953867,1.052451593927292,0.4713809363582698,4.425776206955179,0.9539650143587186,0.02351676293375604,0.6101675226803351,0.028431004690111727,-0.06742063281801691,-0.0439038698842622,2.4193595986691685,2.0064166082860106
Nevada,NV,32,West,Mountain,2024,268707691.35,82.57765560848188,0.0998874361223818,19.409134701199765,3254.0,207.3519,269.0105,693.569,85.765,12.365748757513671,39278.0,12.070682237246466,189.42676676702743,4.425776206955179,19.409134701199765,9.98874361223818,63722.157344806394,11.062287620086241,14.99539556676112,4.451610997861788,2.490779556896185,5.244002494774218,213.14351567301782,7,1,-0.38689768989006906,-0.44151870890546746,-0.5897732864601073,-0.28277879910293513,-0.6116532951824815,0.2430386371843148,-0.6540896747904538,2.0064166082860106,5.2705255073929695,10.914436227804876,213.76891933976955,-0.5686489959050905,0.05463845300194565,-0.6506465225118035,2.0064166082860106,1.052451593927292,,2.4193595986691685,0.017021104566056877,1.4513125297087957,0.13521681578370615,-0.02652301261875145,-0.009501908052693686,,4.425776206955179
New Hampshire,NH,33,Northeast,New England,2017,1769085.51,1.310433711111111,0.0021792242262834,14.385973875281412,1350.0,81.17960000000001,81.17960000000001,310.352,54.9,17.68959117389287,13468.0,9.976296296296296,165.90374921778377,0.8374352606379306,14.385973875281412,0.21792242262834,60133.03703703705,11.00431467060841,14.115615150414612,4.005513348515485,2.30021190884849,5.111407796204353,229.89037037037036,0,0,0.9560456042155066,-0.722105072896567,-0.6221041324495024,-1.009418126683458,-0.8266417726174534,0.9341460804618864,-0.5618900699961569,,,,,,,,,,0.926673786304271,,,,,,,0.08923852566634038,0.8374352606379306
New Hampshire,NH,33,Northeast,New England,2018,2067855.83,1.5260928634686348,0.0024658605117613,14.542023281072671,1355.0,82.2695,83.8594,318.225,51.626,16.223112577578753,14198.0,10.478228782287824,172.57914536979075,0.926673786304271,14.542023281072671,0.24658605117612997,60715.49815498155,11.013954268263312,14.119312012295937,3.9440254215536403,2.34929965528553,5.150855944986493,234.85239852398524,1,0,0.9560456042155066,-0.722105072896567,-0.6221041324495024,-1.009418126683458,-0.7626807128181298,0.7437771337399021,-0.5345716843643886,0.8374352606379306,5.111407796204353,17.68959117389287,229.89037037037036,-0.8266417726174534,0.9341460804618864,-0.5618900699961569,0.8374352606379306,,0.9598773597577916,0.08923852566634038,0.009639597654901522,-1.4664785963141185,-0.06148792696184424,0.03944814878213965,0.04908774643704028,0.03320357345352065,0.926673786304271
New Hampshire,NH,33,Northeast,New England,2019,2193083.0,1.6113761939750184,0.0024958779171531,14.600819330360029,1361.0,84.4382,87.8682,312.477,50.985,16.316400887105292,13907.0,10.218221895664952,164.70033705123984,0.9598773597577916,14.600819330360029,0.24958779171531,62041.293166789124,11.035555461154303,14.123730281633604,3.931531471816189,2.3241725868271446,5.104127683637116,229.59368111682588,2,0,0.9560456042155066,-0.722105072896567,-0.6221041324495024,-1.009418126683458,-0.8384457160123759,0.7558872301781849,-0.5635234890720291,0.926673786304271,5.150855944986493,16.223112577578753,234.85239852398524,-0.7626807128181298,0.7437771337399021,-0.5345716843643886,0.926673786304271,0.8374352606379306,1.0291155608563305,0.03320357345352065,0.021601192890990717,0.09328830952653888,-0.012493949737451437,-0.04672826134937669,-0.025127068458385526,0.06923820109853884,0.9598773597577916
New Hampshire,NH,33,Northeast,New England,2020,2480255.0,1.7985895576504711,0.0027855013836229,14.7238723386202,1379.0,83.68289999999999,89.0416,284.877,37.793,13.266427265100376,12381.0,8.978245105148659,147.95137357811456,1.0291155608563305,14.7238723386202,0.27855013836229,60683.75634517765,11.013431335718826,14.13686915677544,3.632123900291463,2.1948044406273897,4.996883662872839,206.58230601885424,3,0,0.9560456042155066,-0.722105072896567,-0.6221041324495024,-1.009418126683458,-1.0123307128244312,0.35995900632939765,-0.6902123347178754,0.9598773597577916,5.104127683637116,16.316400887105292,229.59368111682588,-0.8384457160123759,0.7558872301781849,-0.5635234890720291,0.9598773597577916,0.926673786304271,0.9863778306047796,0.06923820109853884,-0.022124125435476927,-3.0499736220049165,-0.29940757152472575,-0.10724402076427708,-0.1293681461997549,-0.04273773025155092,1.0291155608563305
New Hampshire,NH,33,Northeast,New England,2021,2333927.55,1.6815039985590776,0.0023472292984342,14.66306347867797,1388.0,90.2967,99.4333,292.601,38.477,13.149989234486553,13282.0,9.569164265129682,147.09286164389175,0.9863778306047796,14.66306347867797,0.23472292984341997,65055.259365994236,11.082992331802187,14.143374420048886,3.650060660180303,2.258545873033909,4.991064099195997,210.80763688760806,4,0,0.9560456042155066,-0.722105072896567,-0.6221041324495024,-1.009418126683458,-1.021766528492136,0.3448437599820942,-0.6669498270252617,1.0291155608563305,4.996883662872839,13.266427265100376,206.58230601885424,-1.0123307128244312,0.35995900632939765,-0.6902123347178754,1.0291155608563305,0.9598773597577916,1.586841316089905,-0.04273773025155092,0.06956099608336075,-0.11643803061382307,0.017936759888840026,-0.005819563676841888,0.0637414324065193,0.6004634854851255,0.9863778306047796
New Hampshire,NH,33,Northeast,New England,2022,5431932.71,3.888283972798855,0.0050849080736085,15.507805744537958,1397.0,91.7021,106.8246,297.991,40.414,13.562154561714951,13818.0,9.891195418754474,150.6835721319359,1.586841316089905,15.507805744537958,0.5084908073608501,65642.16177523264,11.091973478470871,14.149837638239099,3.6991762595913045,2.2916450097917784,5.01518208928518,213.3078024337867,5,1,0.9560456042155066,-0.722105072896567,-0.6221041324495024,-1.009418126683458,-0.9826617224630078,0.398348447617498,-0.6531851960277509,0.9863778306047796,4.991064099195997,13.149989234486553,210.80763688760806,-1.021766528492136,0.3448437599820942,-0.6669498270252617,0.9863778306047796,1.0291155608563305,2.504454006889785,0.6004634854851255,0.008981146668684659,0.41216532722839894,0.0491155994110013,0.024117990089183472,0.03309913675786946,0.9176126907998801,1.586841316089905
New Hampshire,NH,33,Northeast,New England,2023,15754100.0,11.236875891583452,0.0137677207811388,16.57261127029506,1402.0,93.6458,114.4278,294.621,39.526,13.415880062860422,13493.0,9.62410841654779,144.08547954099382,2.504454006889785,16.57261127029506,1.37677207811388,66794.4365192582,11.109375070416448,14.153410346576672,3.676958683218243,2.264271243836252,4.970406731384077,210.14336661911554,6,1,0.9560456042155066,-0.722105072896567,-0.6221041324495024,-1.009418126683458,-1.0552602963546476,0.37936002027241983,-0.6706069589069454,1.586841316089905,5.01518208928518,13.562154561714951,213.3078024337867,-0.9826617224630078,0.398348447617498,-0.6531851960277509,1.586841316089905,0.9863778306047796,4.127350954234065,0.9176126907998801,0.017401591945576556,-0.14627449885452926,-0.022217576373061654,-0.044775357901102986,-0.02737376595552643,1.6228969473442798,2.504454006889785
New Hampshire,NH,33,Northeast,New England,2024,85967921.1,61.01342874378992,0.0720381853513507,18.269484785799204,1409.0,94.926,119.3366,297.767,37.275,12.518176963867722,13602.0,9.653655074520938,143.2905631755262,4.127350954234065,18.269484785799204,7.2038185351350705,67371.18523775728,11.117972686760575,14.158390790880818,3.618322860650802,2.2673366078369037,4.964874479040602,211.33215046132008,7,1,0.9560456042155066,-0.722105072896567,-0.6221041324495024,-1.009418126683458,-1.064230266654653,0.2628258997923579,-0.6640621239264143,2.504454006889785,4.970406731384077,13.415880062860422,210.14336661911554,-1.0552602963546476,0.37936002027241983,-0.6706069589069454,2.504454006889785,1.586841316089905,,1.6228969473442798,0.008597616344127701,-0.8977030989927002,-0.0586358225674406,-0.005532252343475541,0.0030653640006517158,,4.127350954234065
New Jersey,NJ,34,Northeast,Middle Atlantic,2017,6184965.01,0.695878151440144,0.0010481451301986,15.637632068239864,8888.0,590.0867,590.0867,2071.414,69.317,3.346361470956553,98947.0,11.132650765076509,167.68213891280723,0.528200690119033,15.637632068239865,0.10481451301986,66391.39288928892,11.103322701901147,16.000212610301602,4.2386901863575295,2.4098823009090387,5.122070156972166,233.05738073807385,0,0,-0.880700708464823,-0.7158979726674973,-0.6032763902735003,-0.19241488076086213,-0.8093538664488169,-0.9278009932986062,-0.544454132946565,,,,,,,,,,0.5667311309137902,,,,,,,0.038530440794757204,0.528200690119033
New Jersey,NJ,34,Northeast,Middle Atlantic,2018,6780116.7,0.7624962550607287,0.0010947322166395,15.729505019647902,8892.0,606.8922,619.3402,2172.173,69.202,3.185842011662975,104718.0,11.776653171390013,172.54794179262808,0.5667311309137902,15.729505019647902,0.10947322166394999,68251.48448043184,11.130954463439704,16.000662554066224,4.237029763940081,2.4661190267688045,5.150675121293376,244.28396311291047,1,0,-0.880700708464823,-0.7158979726674973,-0.6032763902735003,-0.19241488076086213,-0.7629738995811498,-0.948638611025115,-0.48264632026433096,0.528200690119033,5.122070156972166,3.346361470956553,233.05738073807385,-0.8093538664488169,-0.9278009932986062,-0.544454132946565,0.528200690119033,,0.6303448187292385,0.038530440794757204,0.027631761538556177,-0.1605194592935777,-0.0016604224174487925,0.02860496432121007,0.0562367258597658,0.0636136878154483,0.5667311309137902
New Jersey,NJ,34,Northeast,Middle Atlantic,2019,7808593.0,0.8782581261950286,0.0012138004286218,15.87073548000112,8891.0,618.691,643.3177,2075.118,67.919,3.273018690985283,100578.0,11.312338319649085,162.5658042544663,0.6303448187292385,15.87073548000112,0.12138004286218,69586.21077494095,11.150321705644243,16.000550087103274,4.218315818690935,2.425894016738194,5.091082869058224,233.3953436058936,2,0,-0.880700708464823,-0.7158979726674973,-0.6032763902735003,-0.19241488076086213,-0.8595965226055962,-0.9373218876422984,-0.5425934824894344,0.5667311309137902,5.150675121293376,3.185842011662975,244.28396311291047,-0.7629738995811498,-0.948638611025115,-0.48264632026433096,0.5667311309137902,0.528200690119033,0.6591124317536812,0.0636136878154483,0.019367242204539892,0.0871766793223081,-0.018713945249145603,-0.05959225223515219,-0.04022501003061052,0.02876761302444264,0.6303448187292385
New Jersey,NJ,34,Northeast,Middle Atlantic,2020,8649613.0,0.9330758360302048,0.0013673930615213,15.973025253634912,9270.0,598.4813,632.5623,1862.424,66.77,3.5851127348015277,83511.0,9.00873786407767,139.53819442645909,0.6591124317536812,15.973025253634912,0.13673930615212998,64561.08953613808,11.07536717913566,16.042293937542038,4.201253877869777,2.198194980129498,4.938338358958112,200.90873786407766,3,0,-0.880700708464823,-0.7158979726674973,-0.6032763902735003,-0.19241488076086213,-1.1072558183177166,-0.8968078190777566,-0.7214480951694545,0.6303448187292385,5.091082869058224,3.273018690985283,233.3953436058936,-0.8595965226055962,-0.9373218876422984,-0.5425934824894344,0.6303448187292385,0.5667311309137902,0.6298999802670694,0.02876761302444264,-0.07495452650858425,0.3120940438162445,-0.01706194082115786,-0.1527445101001117,-0.22769903660869595,-0.02921245148661178,0.6591124317536812
New Jersey,NJ,34,Northeast,Middle Atlantic,2021,8131077.0,0.8774227905471026,0.0011720745046587,15.911204068059964,9267.0,631.1583,693.7338000000001,1965.578,69.996,3.561089918588832,88746.0,9.576561994172872,140.60814854213277,0.6298999802670694,15.911204068059963,0.11720745046587,68108.15797992879,11.1288522790881,16.041970260568828,4.248438097559501,2.2593186543127337,4.945976933188908,212.10510413294486,4,0,-0.880700708464823,-0.7158979726674973,-0.6032763902735003,-0.19241488076086213,-1.0948706667138792,-0.8999263086562619,-0.6598066368910266,0.6591124317536812,4.938338358958112,3.5851127348015277,200.90873786407766,-1.1072558183177166,-0.8968078190777566,-0.7214480951694545,0.6591124317536812,0.6303448187292385,1.1993408630576519,-0.02921245148661178,0.05348509995244122,-0.02402281621269564,0.04718421968972386,0.00763857423079628,0.06112367418323572,0.5694408827905825,0.6298999802670694
New Jersey,NJ,34,Northeast,Middle Atlantic,2022,21552106.0,2.317929232092923,0.0028490530170836,16.88598414235641,9298.0,648.5124000000001,756.4656,2024.571,73.256,3.618346800383884,92749.0,9.975155947515594,143.0180826149199,1.1993408630576519,16.88598414235641,0.28490530170836,69747.51559475157,11.152637080336012,16.04530988123267,4.293960155805431,2.30009759648987,4.9629710741181325,217.7426328242633,5,1,-0.880700708464823,-0.7158979726674973,-0.6032763902735003,-0.19241488076086213,-1.0673164392591203,-0.8924935835504845,-0.6287692912670606,0.6298999802670694,4.945976933188908,3.561089918588832,212.10510413294486,-1.0948706667138792,-0.8999263086562619,-0.6598066368910266,0.6298999802670694,0.6591124317536812,1.8939149861321682,0.5694408827905825,0.023784801247911602,0.05725688179505184,0.04552205824592992,0.016994140929224244,0.04077894217713629,0.6945741230745164,1.1993408630576519
New Jersey,NJ,34,Northeast,Middle Atlantic,2023,53037914.92,5.645334211814795,0.0065730957126958,17.786517610460557,9395.0,662.3201,806.894,1984.101,74.487,3.754193964924165,91419.0,9.730601383714742,138.02842462428666,1.8939149861321682,17.786517610460557,0.65730957126958,70497.08355508248,11.163326619931667,16.055688190829702,4.310624613514908,2.275275701452857,4.927459639485465,211.18690792974988,6,1,-0.880700708464823,-0.7158979726674973,-0.6032763902735003,-0.19241488076086213,-1.1248945275654636,-0.8748587665857493,-0.6648617549169556,1.1993408630576519,4.9629710741181325,3.618346800383884,217.7426328242633,-1.0673164392591203,-0.8924935835504845,-0.6287692912670606,1.1993408630576519,0.6298999802670694,3.870006085828175,0.6945741230745164,0.010689539595654551,0.135847164540281,0.016664457709477,-0.03551143463266726,-0.024821895037013153,1.9760910996960066,1.8939149861321682
New Jersey,NJ,34,Northeast,Middle Atlantic,2024,446237095.65,46.94267785083105,0.0527466766741481,19.916360975570047,9506.0,675.8976,846.0004,1977.184,74.443,3.765102286888828,87844.0,9.240900483904902,129.9664327850846,3.870006085828175,19.916360975570047,5.27466766741481,71102.20913107511,11.171873686069196,16.06743373615609,4.310033731875477,2.2236393358732287,4.867276207768307,207.9932674100568,7,1,-0.880700708464823,-0.7158979726674973,-0.6032763902735003,-0.19241488076086213,-1.2224756864748143,-0.8734427174404452,-0.6824443039443443,1.8939149861321682,4.927459639485465,3.754193964924165,211.18690792974988,-1.1248945275654636,-0.8748587665857493,-0.6648617549169556,1.8939149861321682,1.1993408630576519,,1.9760910996960066,0.008547066137529313,0.01090832196466307,-0.0005908816394306626,-0.06018343171715834,-0.05163636557962814,,3.870006085828175
New Mexico,NM,35,West,Mountain,2017,2277312.84,1.0880615575728618,0.0024432039446369,14.638507166026828,2093.0,93.2101,93.2101,657.867,41.939,6.374996769863818,49459.0,23.630673674151936,530.6184630206383,0.7362361511820168,14.638507166026828,0.24432039446369,44534.20926899188,10.704012920437025,14.554109001428136,3.7362161816034356,3.1625456000667445,6.274043237593992,314.31772575250835,0,0,-0.49286374057588267,0.5508559602930324,-0.1201870891878942,0.4052727354113514,1.05845036192662,-0.534642775164954,-0.09707629208170748,,,,,,,,,,0.8047194997747951,,,,,,,0.06848334859277827,0.7362361511820168
New Mexico,NM,35,West,Mountain,2018,2588328.89,1.2360691929321872,0.0026187535689642,14.766523395567534,2094.0,96.077,98.8382,668.033,50.352,7.537352196672918,45681.0,21.81518624641834,475.4623895417217,0.8047194997747951,14.766523395567534,0.26187535689642,45882.043935052534,10.733829119838024,14.554586670412618,3.919038340322051,3.08260634407836,6.164287782204609,319.02244508118434,1,0,-0.49286374057588267,0.5508559602930324,-0.1201870891878942,0.4052727354113514,0.8804933357494955,-0.3837531686787822,-0.07117451705522503,0.7362361511820168,6.274043237593992,6.374996769863818,314.31772575250835,1.05845036192662,-0.534642775164954,-0.09707629208170748,0.7362361511820168,,0.8866176659619089,0.06848334859277827,0.02981619940099911,1.1623554268090999,0.1828221587186154,-0.10975545538938292,-0.07993925598838425,0.08189816618711387,0.8047194997747951
New Mexico,NM,35,West,Mountain,2019,2996505.0,1.426907142857143,0.0028862224405467,14.91295750121443,2100.0,100.3422,103.821,702.127,56.637,8.06648939579307,48807.0,23.24142857142857,486.40552030950096,0.8866176659619089,14.91295750121443,0.28862224405467,47782.0,10.774404278521965,14.557447902693651,4.036662481881016,3.1459364004657657,6.187042679908075,334.3461904761905,2,0,-0.49286374057588267,0.5508559602930324,-0.1201870891878942,0.4052727354113514,0.9173880296114744,-0.31506393480854045,0.013190176788529724,0.8047194997747951,6.164287782204609,7.537352196672918,319.02244508118434,0.8804933357494955,-0.3837531686787822,-0.07117451705522503,0.8047194997747951,0.7362361511820168,0.8869985135293937,0.08189816618711387,0.040575158683941126,0.5291371991201519,0.11762414155896472,0.022754897703465282,0.06333005638740552,0.00038084756748479887,0.8866176659619089
New Mexico,NM,35,West,Mountain,2020,3024147.33,1.4278316005665723,0.0029931532283207,14.922140066004529,2118.0,98.004,101.0355,655.114,49.82,7.604783289625927,45095.0,21.291312559017943,460.13428023345983,0.8869985135293937,14.922140066004529,0.29931532283207,46271.954674220964,10.742291325967061,14.56598280514349,3.9084165098340344,3.0582991284384566,6.13151836043567,309.3078375826251,3,0,-0.49286374057588267,0.5508559602930324,-0.1201870891878942,0.4052727354113514,0.8273611353786284,-0.37499969203477196,-0.12465817045077707,0.8866176659619089,6.187042679908075,8.06648939579307,334.3461904761905,0.9173880296114744,-0.31506393480854045,0.013190176788529724,0.8866176659619089,0.8047194997747951,0.8652162475463848,0.00038084756748479887,-0.032112952554903984,-0.461706106167143,-0.1282459720469813,-0.055524319472405104,-0.08763727202730909,-0.02178226598300892,0.8869985135293937
New Mexico,NM,35,West,Mountain,2021,2911975.27,1.375519730751063,0.0025592650399844,14.884342539227047,2117.0,101.4992,113.7817,680.615,62.205,9.139528220800305,45880.0,21.672177609825223,452.0232671784605,0.8652162475463848,14.884342539227049,0.25592650399844,47944.8275862069,10.77780620350679,14.565510550117002,4.130435382366454,3.0760293001084418,6.113733654565925,321.4997638167218,4,0,-0.49286374057588267,0.5508559602930324,-0.1201870891878942,0.4052727354113514,0.7985250893088787,-0.17576884286389965,-0.05753566889574543,0.8869985135293937,6.13151836043567,7.604783289625927,309.3078375826251,0.8273611353786284,-0.37499969203477196,-0.12465817045077707,0.8869985135293937,0.8866176659619089,2.9744151407682082,-0.02178226598300892,0.03551487753972893,1.5347449311743775,0.22201887253241992,-0.017784705869744677,0.01773017166998514,2.1091988932218233,0.8652162475463848
New Mexico,NM,35,West,Mountain,2022,39255672.0,18.57816942735447,0.0303204950061443,17.48560652678036,2113.0,104.2128,129.4691,683.812,77.285,11.3020830286687,46622.0,22.06436346426881,447.3730674159028,2.9744151407682082,17.48560652678036,3.03204950061443,49319.829626123996,10.806081502814163,14.563619296598194,4.347499887604282,3.093963794096411,6.103392849246522,323.62139138665407,5,1,-0.49286374057588267,0.5508559602930324,-0.1201870891878942,0.4052727354113514,0.7817585517696843,0.10496030111215578,-0.045855074121171714,0.8652162475463848,6.113733654565925,9.139528220800305,321.4997638167218,0.7985250893088787,-0.17576884286389965,-0.05753566889574543,0.8652162475463848,0.8869985135293937,2.2781180259904237,2.1091988932218233,0.028275299307372492,2.1625548078683963,0.21706450523782728,-0.010340805319402513,0.01793449398796909,-0.6962971147777846,2.9744151407682082
New Mexico,NM,35,West,Mountain,2023,18558834.0,8.758298253893345,0.0133973651155739,16.736456513955694,2119.0,114.0592,138.526,678.007,80.254,11.836750947999064,42116.0,19.87541293062765,369.246847251252,2.2781180259904237,16.736456513955694,1.33973651155739,53826.89948088721,10.893528611547412,14.566454837250436,4.385196605004703,2.9894834367083507,5.911465383125213,319.96554978763567,6,1,-0.49286374057588267,0.5508559602930324,-0.1201870891878942,0.4052727354113514,0.4705681786671649,0.17436749798825266,-0.06598226556765467,2.9744151407682082,6.103392849246522,11.3020830286687,323.62139138665407,0.7817585517696843,0.10496030111215578,-0.045855074121171714,2.9744151407682082,0.8652162475463848,4.929142802977101,-0.6962971147777846,0.08744710873324912,0.5346679193303636,0.03769671740042124,-0.1919274661213093,-0.10448035738806016,2.6510247769866777,2.2781180259904237
New Mexico,NM,35,West,Mountain,2024,291954029.29,137.26094465914434,0.1984935430421477,19.492106917325373,2127.0,119.0445,147.0849,684.005,86.374,12.627685470135452,41631.0,19.572637517630465,349.70956239053464,4.929142802977101,19.492106917325373,19.84935430421477,55968.26516220028,10.93254011555368,14.570223094182374,4.458686704596792,2.974132545838883,5.857102988249477,321.5820404325341,7,1,-0.49286374057588267,0.5508559602930324,-0.1201870891878942,0.4052727354113514,0.3824252240082721,0.27704159925615024,-0.057082695988366836,2.2781180259904237,5.911465383125213,11.836750947999064,319.96554978763567,0.4705681786671649,0.17436749798825266,-0.06598226556765467,2.2781180259904237,2.9744151407682082,,2.6510247769866777,0.03901150400626818,0.7909345221363875,0.07349009959208885,-0.05436239487573591,-0.015350890869467726,,4.929142802977101
New York,NY,36,Northeast,Middle Atlantic,2017,21903403.77,1.1178628034092069,0.0013480671057071,16.902152651652457,19594.0,1624.8007,1624.8007,3559.863,283.969,7.976964282052427,165115.0,8.426814330917628,101.62169427918144,0.7504074685982226,16.902152651652457,0.13480671057071,82923.37960600184,11.325672323148023,16.790733954886726,5.648865077273796,2.1314188039045163,4.621257038720767,181.68127998366847,0,0,-0.2877211065954937,-0.9464682476557461,-0.9087051280119465,-0.6878432452507999,-1.621370115466474,-0.32668551704697735,-0.8273046306090895,,,,,,,,,,0.8153721303074035,,,,,,,0.06496466170918092,0.7504074685982226
New York,NY,36,Northeast,Middle Atlantic,2018,24625763.19,1.2600165365329514,0.0014395427832301,17.019303777637358,19544.0,1665.1868,1710.6656,3733.607,289.292,7.748324877256765,174168.0,8.911584117887843,104.59367081218755,0.8153721303074035,17.019303777637358,0.14395427832301,85201.9443307409,11.35277953334036,16.788178891919713,5.667436558644329,2.1873520166885063,4.65008304131242,191.0359701187065,1,0,-0.2877211065954937,-0.9464682476557461,-0.9087051280119465,-0.6878432452507999,-1.5746317580920228,-0.3563660338847208,-0.7758024978796545,0.7504074685982226,4.621257038720767,7.976964282052427,181.68127998366847,-1.621370115466474,-0.32668551704697735,-0.8273046306090895,0.7504074685982226,,0.8511836077965655,0.06496466170918092,0.027107210192337305,-0.22863940479566214,0.018571481370533327,0.02882600259165269,0.055933212783989994,0.035811477489162025,0.8153721303074035
New York,NY,36,Northeast,Middle Atlantic,2019,26127476.0,1.3424177156656218,0.0014617007751007,17.078498077151874,19463.0,1704.3643,1787.4708999999998,3630.938,291.996,8.041888900333742,168234.0,8.643785644556338,98.70777039861724,0.8511836077965655,17.078498077151874,0.14617007751007,87569.45486307352,11.380187527340716,16.784025785224713,5.676740103544318,2.1568406401599662,4.592163670783524,186.55592663001593,2,0,-0.2877211065954937,-0.9464682476557461,-0.9087051280119465,-0.6878432452507999,-1.6685419778693105,-0.31825741504152993,-0.8004673228025,0.8153721303074035,4.65008304131242,7.748324877256765,191.0359701187065,-1.5746317580920228,-0.3563660338847208,-0.7758024978796545,0.8153721303074035,0.7504074685982226,0.9072296800106463,0.035811477489162025,0.027407994000355984,0.2935640230769767,0.009303544899988303,-0.05791937052889562,-0.03051137652854008,0.056046072214080755,0.8511836077965655
New York,NY,36,Northeast,Middle Atlantic,2020,29729242.65,1.4774496893946922,0.0016678374542441,17.207641754018304,20122.0,1667.2348,1782.5024,3140.594,260.783,8.303620270560282,142643.0,7.08890766325415,85.55663545410641,0.9072296800106463,17.207641754018304,0.16678374542441,82856.31646953583,11.324863259774018,16.817324301834134,5.563688643878845,1.9585312614324495,4.449178559622705,156.07762647848128,3,0,-0.2877211065954937,-0.9464682476557461,-0.9087051280119465,-0.6878432452507999,-1.9003774258615047,-0.2842811092165688,-0.9682652334882416,0.8511836077965655,4.592163670783524,8.041888900333742,186.55592663001593,-1.6685419778693105,-0.31825741504152993,-0.8004673228025,0.8511836077965655,0.8153721303074035,0.8813711921654132,0.056046072214080755,-0.05532426756669828,0.26173137022654025,-0.11305145966547236,-0.1429851111608187,-0.19830937872751675,-0.025858487845233147,0.9072296800106463
New York,NY,36,Northeast,Middle Atlantic,2021,28050811.33,1.414207780690698,0.0014500110275189,17.149528149584945,19835.0,1750.5512,1934.524,3345.022,263.945,7.89068053961977,157660.0,7.94857574993698,90.06306128035558,0.8813711921654132,17.149528149584945,0.14500110275189002,88255.6692714898,11.387993213768887,16.802958611930567,5.575740748108579,2.0729927616654686,4.500510105860855,168.64239979833627,4,0,-0.2877211065954937,-0.9464682476557461,-0.9087051280119465,-0.6878432452507999,-1.8171486762270843,-0.3378863250283695,-0.8990900268386195,0.9072296800106463,4.449178559622705,8.303620270560282,156.07762647848128,-1.9003774258615047,-0.2842811092165688,-0.9682652334882416,0.9072296800106463,0.8511836077965655,1.7856600833506069,-0.025858487845233147,0.06312995399486887,-0.4129397309405123,0.012052104229733906,0.05133154623815006,0.11446150023301915,0.9042888911851937,0.8813711921654132
New York,NY,36,Northeast,Middle Atlantic,2022,97845772.49,4.96351506569269,0.0047243949659577,18.398903057107518,19713.0,1781.5541,2071.0752,3458.594,273.391,7.904686123898903,166232.0,8.432607923705168,93.30729838627973,1.7856600833506069,18.398903057107514,0.47243949659577,90374.58022624665,11.411718314650795,16.796788874548113,5.610903004947721,2.132106086413738,4.535898329727218,175.44736975599858,5,1,-0.2877211065954937,-0.9464682476557461,-0.9087051280119465,-0.6878432452507999,-1.7597703613305158,-0.33606820894120276,-0.8616253475258698,0.8813711921654132,4.500510105860855,7.89068053961977,168.64239979833627,-1.8171486762270843,-0.3378863250283695,-0.8990900268386195,0.8813711921654132,0.9072296800106463,2.275723745270191,0.9042888911851937,0.023725100881907935,0.014005584279132677,0.03516225683914165,0.03538822386636298,0.05911332474826958,0.49006366191958417,1.7856600833506069
New York,NY,36,Northeast,Middle Atlantic,2023,172838695.0,8.734962096325871,0.00791912094528,18.967869324449676,19787.0,1793.3845,2182.549,3429.313,276.165,8.053070687919126,164145.0,8.295598119977763,91.52805770318636,2.275723745270191,18.967869324449673,0.791912094528,90634.48223581139,11.41459001825105,16.800535714374575,5.6209985131772795,2.115725027128213,4.516645566841438,173.3114165866478,6,1,-0.2877211065954937,-0.9464682476557461,-0.9087051280119465,-0.6878432452507999,-1.7909867087703002,-0.31680586632445434,-0.8733848117137571,1.7856600833506069,4.535898329727218,7.904686123898903,175.44736975599858,-1.7597703613305158,-0.33606820894120276,-0.8616253475258698,1.7856600833506069,0.8813711921654132,4.152489308500108,0.49006366191958417,0.0028717036002543495,0.1483845640202235,0.010095508229558625,-0.01925276288578015,-0.016381059285525357,1.8767655632299172,2.275723745270191
New York,NY,36,Northeast,Middle Atlantic,2024,1251904668.04,62.59210379681016,0.05391170476667,20.947931963786,20001.0,1840.0593,2322.1389,3396.261,279.783,8.237971109994197,163685.0,8.183840807959601,88.95637222126481,4.152489308500108,20.947931963786,5.391170476667,91998.36508174591,11.429526085022687,16.811292830268307,5.634014302701498,2.1021615768423008,4.4881460497838885,169.8045597720114,7,1,-0.2877211065954937,-0.9464682476557461,-0.9087051280119465,-0.6878432452507999,-1.8371957038954427,-0.29280326670428103,-0.8926917692423715,2.275723745270191,4.516645566841438,8.053070687919126,173.3114165866478,-1.7909867087703002,-0.31680586632445434,-0.8733848117137571,2.275723745270191,1.7856600833506069,,1.8767655632299172,0.014936066771637613,0.18490042207507074,0.013015789524218668,-0.028499517057549717,-0.013563450285912104,,4.152489308500108
North Carolina,NC,37,South,South Atlantic,2017,4999603.78,0.4865320922537953,0.0009143217691114,15.424869423274233,10276.0,546.8100999999999,546.8100999999999,2506.475,185.491,7.400472775511427,120602.0,11.736278707668353,220.55554570041775,0.3964459523610797,15.424869423274233,0.09143217691113999,53212.34916309848,10.882045775518314,16.14532163721191,5.223006363350262,2.4626847886558663,5.396149571101826,243.91543402101985,0,0,-0.3615446924168893,-0.5313543170775761,-0.5387257245007067,-0.31092573825585057,-0.36496267603514254,-0.4015219866485239,-0.48467525269621553,,,,,,,,,,0.3212011022696935,,,,,,,-0.0752448500913862,0.3964459523610797
North Carolina,NC,37,South,South Atlantic,2018,3935932.38,0.3787828293715715,0.0006929003394671,15.18565861119803,10391.0,556.5736999999999,568.0373000000001,2594.47,195.967,7.553257505386457,123708.0,11.905302665768453,222.2670600497293,0.3212011022696935,15.18565861119803,0.06929003394671,53563.05456645173,10.888614828919241,16.156450604834784,5.277946277708206,2.4769839030317384,5.403879632076771,249.68434221922817,1,0,-0.3615446924168893,-0.5313543170775761,-0.5387257245007067,-0.31092573825585057,-0.3524291882154362,-0.38168844241909133,-0.4529145987954283,0.3964459523610797,5.396149571101826,7.400472775511427,243.91543402101985,-0.36496267603514254,-0.4015219866485239,-0.48467525269621553,0.3964459523610797,,0.4824729396956163,-0.0752448500913862,0.006569053400927061,0.15278472987502933,0.0549399143579441,0.007730060974945552,0.014299114375872168,0.16127183742592277,0.3212011022696935
North Carolina,NC,37,South,South Atlantic,2019,6511416.0,0.6200758023045424,0.0010990666547837,15.689067655629705,10501.0,567.975,592.4496,2565.392,198.559,7.739908754685445,122250.0,11.641748404913818,215.23834675822,0.4824729396956163,15.689067655629703,0.10990666547837,54087.70593276831,10.898362191926276,16.16698104868813,5.291086285182535,2.454597637631125,5.371746003669123,244.29978097324064,2,0,-0.3615446924168893,-0.5313543170775761,-0.5387257245007067,-0.31092573825585057,-0.40453051594824485,-0.35745856151752253,-0.48255923522672306,0.3212011022696935,5.403879632076771,7.553257505386457,249.68434221922817,-0.3524291882154362,-0.38168844241909133,-0.4529145987954283,0.3212011022696935,0.3964459523610797,0.5410600559427755,0.16127183742592277,0.009747363007035048,0.18665124929898802,0.01314000747432953,-0.03213362840764855,-0.022386265400613503,0.05858711624715923,0.4824729396956163
North Carolina,NC,37,South,South Atlantic,2020,7501291.0,0.7178268899521532,0.0012497425556901,15.830585830337007,10450.0,564.2788,600.2269,2362.733,202.721,8.579936878183018,106175.0,10.160287081339712,188.16053341008023,0.5410600559427755,15.830585830337007,0.12497425556900998,53997.97129186603,10.896701756171543,16.162112536375094,5.311830649473054,2.3184866977885146,5.237295499581245,226.09885167464114,3,0,-0.3615446924168893,-0.5313543170775761,-0.5387257245007067,-0.31092573825585057,-0.622527988516779,-0.2484114404146215,-0.5827642300479358,0.4824729396956163,5.371746003669123,7.739908754685445,244.29978097324064,-0.40453051594824485,-0.35745856151752253,-0.48255923522672306,0.4824729396956163,0.3212011022696935,0.5060341516181284,0.05858711624715923,-0.0016604357547329585,0.8400281234975733,0.02074436429051829,-0.1344505040878774,-0.13611093984261036,-0.03502590432464714,0.5410600559427755
North Carolina,NC,37,South,South Atlantic,2021,6959824.0,0.658699981071361,0.0010532346395235,15.755664888316334,10566.0,599.2938,660.8046999999999,2519.017,196.966,7.819161204549236,115271.0,10.909615748627674,192.3447230723895,0.5060341516181284,15.755664888316334,0.10532346395235,56719.0800681431,10.945865942247668,16.173151856706397,5.283031125010335,2.3896445791172827,5.2592891948338885,238.40781752791975,4,0,-0.3615446924168893,-0.5313543170775761,-0.5387257245007067,-0.31092573825585057,-0.5868675050545152,-0.3471705113246133,-0.5149973682934003,0.5410600559427755,5.237295499581245,8.579936878183018,226.09885167464114,-0.622527988516779,-0.2484114404146215,-0.5827642300479358,0.5410600559427755,0.4824729396956163,1.0832343619470153,-0.03502590432464714,0.049164186076124494,-0.7607756736337823,-0.02879952446271883,0.021993695252643164,0.0711578813287681,0.5772002103288869,0.5060341516181284
North Carolina,NC,37,South,South Atlantic,2022,20921870.0,1.954219129460116,0.0028669446842867,16.856305629108302,10706.0,620.6665,729.7619,2581.43,202.447,7.842436169100073,116811.0,10.910797683541938,188.20252099960285,1.0832343619470153,16.856305629108302,0.28669446842866997,57973.70633289744,10.96774484765135,16.186314889935463,5.310478123894678,2.3897529120706515,5.2375186223835755,241.11993274799178,5,1,-0.3615446924168893,-0.5313543170775761,-0.5387257245007067,-0.31092573825585057,-0.6221662181589037,-0.34414910310381075,-0.5000658509448459,0.5060341516181284,5.2592891948338885,7.819161204549236,238.40781752791975,-0.5868675050545152,-0.3471705113246133,-0.5149973682934003,0.5060341516181284,0.5410600559427755,1.7998963484381454,0.5772002103288869,0.02187890540368187,0.02327496455083722,0.027446998884343543,-0.021770572450312997,0.00010833295336887261,0.7166619864911301,1.0832343619470153
North Carolina,NC,37,South,South Atlantic,2023,54892950.24,5.049020441501104,0.0069061809123368,17.820895505522685,10872.0,643.0458000000001,794.838,2472.116,190.961,7.724597065833481,111142.0,10.222774098601914,172.83683370609057,1.7998963484381454,17.820895505522685,0.69061809123368,59146.96467991171,10.98778055245014,16.201701234813118,5.252069218715648,2.3246179861622354,5.152347991676369,227.38373804267843,6,1,-0.3615446924168893,-0.5313543170775761,-0.5387257245007067,-0.31092573825585057,-0.7602615146934818,-0.3594462278132389,-0.5756903037806144,1.0832343619470153,5.2375186223835755,7.842436169100073,241.11993274799178,-0.6221662181589037,-0.34414910310381075,-0.5000658509448459,1.0832343619470153,0.5060341516181284,4.368386449894775,0.7166619864911301,0.02003570479879002,-0.11783910326659175,-0.05840890517903041,-0.08517063070720621,-0.06513492590841619,2.5684901014566295,1.7998963484381454
North Carolina,NC,37,South,South Atlantic,2024,861129772.56,77.91619368078176,0.1020043345380113,20.57375577526189,11052.0,664.1315999999999,844.209,2570.343,190.94,7.428580543530572,119073.0,10.773887079261671,179.29127299468962,4.368386449894775,20.57375577526189,10.20043345380113,60091.530944625396,11.003624194530893,16.218121965025443,5.251959242569887,2.377125343347809,5.189011706781191,232.56813246471228,7,1,-0.3615446924168893,-0.5313543170775761,-0.5387257245007067,-0.31092573825585057,-0.7008151237554465,-0.39787321454509234,-0.54714768336337,1.7998963484381454,5.152347991676369,7.724597065833481,227.38373804267843,-0.7602615146934818,-0.3594462278132389,-0.5756903037806144,1.7998963484381454,1.0832343619470153,,2.5684901014566295,0.015843642080753284,-0.2960165223029092,-0.00010997614576080394,0.03666371510482147,0.05250735718557342,,4.368386449894775
North Dakota,ND,38,Midwest,West North Central,2017,2742750.7,3.623184544253633,0.0048518326487435,14.824472244495423,757.0,56.5302,56.5302,595.433,84.388,14.172543342407964,56453.0,74.57463672391017,998.6343582722156,1.5310837629317526,14.824472244495423,0.48518326487435004,74676.61822985469,11.22092231315222,13.537118532419585,4.435425211398577,4.311800459103801,6.906388703915854,786.5693527080581,0,0,0.5056641510984454,2.184368333173724,2.687328782938563,1.915941137591835,2.0837325978209376,0.4775852462748412,2.5028992947160176,,,,,,,,,,1.625976653512462,,,,,,,0.09489289058070938,1.5310837629317526
North Dakota,ND,38,Midwest,West North Central,2018,3103369.8,4.083381315789474,0.0051399782367818,14.947999433552004,760.0,58.5164,60.3771,624.394,83.349,13.348782979977386,58808.0,77.37894736842105,1004.9832183798046,1.625976653512462,14.947999433552004,0.5139978236781799,76995.26315789473,11.251499181513609,13.541073712262515,4.423036611524352,4.348714745773547,6.912726122224213,821.5710526315789,1,0,0.5056641510984454,2.184368333173724,2.687328782938563,1.915941137591835,2.094008060774418,0.37064990269643494,2.695600727814817,1.5310837629317526,6.906388703915854,14.172543342407964,786.5693527080581,2.0837325978209376,0.4775852462748412,2.5028992947160176,1.5310837629317526,,1.6359024187294502,0.09489289058070938,0.030576868361388065,-0.823760362430578,-0.01238859987422547,0.0063374183083588775,0.036914286669746055,0.00992576521698818,1.625976653512462
North Dakota,ND,38,Midwest,West North Central,2019,3158444.0,4.1340890052356025,0.0051869179291374,14.965590375840168,764.0,59.4085,60.8925,641.433,84.942,13.242536632820572,56804.0,74.35078534031413,956.1594721294092,1.6359024187294502,14.965590375840167,0.51869179291374,77759.8167539267,11.261380082571959,13.546323068148657,4.441968670640415,4.308794235598383,6.862924710990698,839.5719895287958,2,0,0.5056641510984454,2.184368333173724,2.687328782938563,1.915941137591835,2.0132602654953717,0.35685767603036733,2.794704666903322,1.625976653512462,6.912726122224213,13.348782979977386,821.5710526315789,2.094008060774418,0.37064990269643494,2.695600727814817,1.625976653512462,1.5310837629317526,1.6817199328378276,0.00992576521698818,0.009880901058350489,-0.10624634715681402,0.01893205911606355,-0.049801411233515225,-0.03992051017516385,0.04581751410837742,1.6359024187294502
North Dakota,ND,38,Midwest,West North Central,2020,3412338.0,4.374792307692307,0.0060586881718139,15.042908537875183,780.0,56.6028,56.3214,619.378,89.718,14.485177064732682,55535.0,71.19871794871794,981.1352088589256,1.6817199328378276,15.042908537875185,0.6058688171813901,72567.69230769231,11.19227509223084,13.567049198665774,4.496671417829762,4.265474811917583,6.888710277651017,794.074358974359,3,0,0.5056641510984454,2.184368333173724,2.687328782938563,1.915941137591835,2.055068873048253,0.51816937247915,2.5442180154093466,1.6359024187294502,6.862924710990698,13.242536632820572,839.5719895287958,2.0132602654953717,0.35685767603036733,2.794704666903322,1.6359024187294502,1.625976653512462,1.6646751160355129,0.04581751410837742,-0.06910499034111872,1.2426404319121094,0.054702747189346645,0.025785566660319503,-0.043319423680800107,-0.017044816802314733,1.6817199328378276
North Dakota,ND,38,Midwest,West North Central,2021,3332918.0,4.283956298200514,0.0051410118772173,15.019359054564324,778.0,57.3513,64.83,653.498,92.653,14.178008195893485,56219.0,72.26092544987146,980.2567683731668,1.6646751160355129,15.019359054564324,0.51410118772173,73716.32390745501,11.20797954493347,13.564481803160529,4.528861332131597,4.280283532859618,6.887814545890421,839.9717223650385,4,0,0.5056641510984454,2.184368333173724,2.687328782938563,1.915941137591835,2.053616537400767,0.4782946588804144,2.796905391170113,1.6817199328378276,6.888710277651017,14.485177064732682,794.074358974359,2.055068873048253,0.51816937247915,2.5442180154093466,1.6817199328378276,1.6359024187294502,3.7082185894617767,-0.017044816802314733,0.015704452702630434,-0.3071688688391969,0.03218991430183493,-0.0008957317605959858,0.014808720942034448,2.043543473426264,1.6646751160355129
North Dakota,ND,38,Midwest,West North Central,2022,31029253.25,39.78109391025641,0.0413436176336171,17.25044100294208,780.0,57.0311,75.05210000000001,675.554,96.027,14.214555757200758,57458.0,73.66410256410256,1007.4853895506136,3.7082185894617767,17.25044100294208,4.13436176336171,73116.79487179487,11.199813371357058,13.567049198665774,4.564629401924469,4.2995156054217345,6.915212792028952,866.0948717948718,5,1,0.5056641510984454,2.184368333173724,2.687328782938563,1.915941137591835,2.0980399365656113,0.4830390313989155,2.940726072542225,1.6646751160355129,6.887814545890421,14.178008195893485,839.9717223650385,2.053616537400767,0.4782946588804144,2.796905391170113,1.6646751160355129,1.6817199328378276,3.313936776436277,2.043543473426264,-0.008166173576412916,0.03654756130727321,0.03576806979287195,0.027398246138530702,0.019232072562116898,-0.3942818130254997,3.7082185894617767
North Dakota,ND,38,Midwest,West North Central,2023,20850106.75,26.49314707750953,0.0267658733011459,16.852869674061438,787.0,62.1147,77.8981,705.37,92.19,13.06973645037356,54453.0,69.19059720457433,876.6523866331158,3.313936776436277,16.852869674061438,2.67658733011459,78925.9212198221,11.276264985449581,13.57598352739954,4.523851664810503,4.236864974844684,6.776110547359378,896.277001270648,6,1,0.5056641510984454,2.184368333173724,2.687328782938563,1.915941137591835,1.8725001517035396,0.3344258527439685,3.1068934191757864,3.7082185894617767,6.915212792028952,14.214555757200758,866.0948717948718,2.0980399365656113,0.4830390313989155,2.940726072542225,3.7082185894617767,1.6646751160355129,5.796646254320674,-0.3942818130254997,0.0764516140925231,-1.1448193068271983,-0.040777737113965706,-0.13910224466957377,-0.06265063057705067,2.4827094778843968,3.313936776436277
North Dakota,ND,38,Midwest,West North Central,2024,260257584.0,328.1936746532156,0.3250850742521388,19.37718241008748,793.0,63.3664,80.0583,719.487,93.24,12.95923345383586,55146.0,69.54098360655738,870.2719422280578,5.796646254320674,19.377182410087478,32.50850742521388,79907.18789407314,11.28862108883543,13.583578500616985,4.535176814167556,4.241916270951316,6.768805740080161,907.297604035309,7,1,0.5056641510984454,2.184368333173724,2.687328782938563,1.915941137591835,1.8606561684081793,0.3200810548632643,3.167567213620143,3.313936776436277,6.776110547359378,13.06973645037356,896.277001270648,1.8725001517035396,0.3344258527439685,3.1068934191757864,3.313936776436277,3.7082185894617767,,2.4827094778843968,0.012356103385849693,-0.1105029965376989,0.0113251493570532,-0.007304807279217229,0.0050512961066324635,,5.058846185902059
Ohio,OH,39,Midwest,East North Central,2017,14612136.97,1.2525404568832506,0.0022404809920459,16.49736310909199,11666.0,652.1875,652.1875,3556.786,144.526,4.063387563941154,204281.0,17.510800617178123,313.2243411595592,0.8120586712195277,16.49736310909199,0.22404809920458998,55904.98028458769,10.93140874792221,16.27218918629572,4.973459422162731,2.8628178686778405,5.7469196787199035,304.8847934167667,0,0,-0.7888807307009978,-0.20791311454942885,-0.1762654714351243,0.17759496864710952,0.20377447695726678,-0.8347212153620314,-0.14900918629522306,,,,,,,,,,0.8747753207555511,,,,,,,0.0627166495360234,0.8120586712195277
Ohio,OH,39,Midwest,East North Central,2018,16333967.22,1.3983363770225152,0.0024286978902819,16.608757437263595,11681.0,656.212,672.5400999999999,3697.556,145.712,3.940765197335754,208249.0,17.828011300402363,317.35018561074776,0.8747753207555511,16.608757437263595,0.24286978902818998,56177.724509887856,10.936275596275962,16.273474148137833,4.981632070825463,2.8807708889410955,5.760005850629408,316.5444739320264,1,0,-0.7888807307009978,-0.20791311454942885,-0.1762654714351243,0.17759496864710952,0.22499234014954475,-0.8506392729688039,-0.08481695706995512,0.8120586712195277,5.7469196787199035,4.063387563941154,304.8847934167667,0.20377447695726678,-0.8347212153620314,-0.14900918629522306,0.8120586712195277,,0.8514855769198856,0.0627166495360234,0.004866848353751507,-0.12262236660540005,0.008172648662732485,0.013086171909504785,0.01795302026325496,-0.02328974383566551,0.8747753207555511
Ohio,OH,39,Midwest,East North Central,2019,15710535.0,1.3431251602975125,0.0022350553722869,16.56984212804571,11697.0,674.0639,702.9148,3570.278,145.507,4.075508965968477,195646.0,16.72616910318885,290.24844677188617,0.8514855769198856,16.56984212804571,0.22350553722869002,57627.075318457726,10.961747793853625,16.274842956632845,4.980224195419936,2.816974505107249,5.670737269217899,305.2302299734975,2,0,-0.7888807307009978,-0.20791311454942885,-0.1762654714351243,0.17759496864710952,0.08025264386124968,-0.8331476918598575,-0.1471073895347174,0.8747753207555511,5.760005850629408,3.940765197335754,316.5444739320264,0.22499234014954475,-0.8506392729688039,-0.08481695706995512,0.8747753207555511,0.8120586712195277,0.9869776191395553,-0.02328974383566551,0.02547219757766328,0.13474376863272308,-0.0014078754055271148,-0.08926858141150973,-0.06379638383384645,0.1354920422196697,0.8514855769198856
Ohio,OH,39,Midwest,East North Central,2020,19859048.12,1.683112816340368,0.0028659186712583,16.80417033628098,11799.0,655.7301,692.9383,3346.09,139.731,4.175948644537355,184865.0,15.667853207898974,281.9223945949713,0.9869776191395553,16.80417033628098,0.28659186712583,55575.05720823799,10.925489768219865,16.283525340082058,4.939719145726019,2.7516110468484745,5.641631836592883,283.59098228663447,3,0,-0.7888807307009978,-0.20791311454942885,-0.1762654714351243,0.17759496864710952,0.033061219825233926,-0.820109250067178,-0.26624200441198614,0.8514855769198856,5.670737269217899,4.075508965968477,305.2302299734975,0.08025264386124968,-0.8331476918598575,-0.1471073895347174,0.8514855769198856,0.8747753207555511,0.9569625836721486,0.1354920422196697,-0.03625802563376013,0.10043967856887814,-0.040505049693916995,-0.029105432625015304,-0.06536345825877454,-0.030015035467406692,0.9869776191395553
Ohio,OH,39,Midwest,East North Central,2021,18862006.0,1.6037756993452938,0.0024683275025406,16.752660245202428,11761.0,691.63,764.1614000000001,3492.261,146.851,4.205040803078579,193554.0,16.457274041323018,279.8519439584749,0.9569625836721486,16.752660245202428,0.24683275025406,58807.07422838194,10.982017436656545,16.280299530833172,4.989418467291174,2.8007675704356543,5.634260691743383,296.9357197517218,4,0,-0.7888807307009978,-0.20791311454942885,-0.1762654714351243,0.17759496864710952,0.021109677077001558,-0.8163326906320238,-0.19277271464981918,0.9869776191395553,5.641631836592883,4.175948644537355,283.59098228663447,0.033061219825233926,-0.820109250067178,-0.26624200441198614,0.9869776191395553,0.8514855769198856,1.94721708409166,-0.030015035467406692,0.056527668436679335,0.029092158541224045,0.04969932156515533,-0.007371144849500411,0.04915652358717981,0.9902545004195115,0.9569625836721486
Ohio,OH,39,Midwest,East North Central,2022,70697703.0,6.009154526136847,0.0085126797293385,18.073923655091946,11765.0,694.4734,830.4988000000001,3516.554,156.716,4.4565219245886745,196405.0,16.694007649808754,282.8114078955364,1.94721708409166,18.073923655091946,0.8512679729338499,59028.76328091798,10.985780117327785,16.2806395801436,5.054435250084427,2.8150498316654566,5.644780272301945,298.89961750956223,5,1,-0.7888807307009978,-0.20791311454942885,-0.1762654714351243,0.17759496864710952,0.038166080024727524,-0.7836870070586881,-0.1819604994367788,0.9569625836721486,5.634260691743383,4.205040803078579,296.9357197517218,0.021109677077001558,-0.8163326906320238,-0.19277271464981918,0.9569625836721486,0.9869776191395553,2.3664302287879293,0.9902545004195115,0.003762680671240304,0.2514811215100954,0.0650167827932524,0.010519580558562502,0.014282261229802362,0.41921314469626925,1.94721708409166
Ohio,OH,39,Midwest,East North Central,2023,114056697.0,9.6592731199187,0.0129029674630137,18.552206233598007,11808.0,707.9961999999999,883.9571,3390.08,154.778,4.565614970738154,184825.0,15.652523712737128,261.05366102247444,2.3664302287879293,18.552206233598007,1.29029674630137,59959.02777777777,11.001416737571699,16.28428782582239,5.041991832192735,2.7506321635850473,5.564725983977623,287.10027100271003,6,1,-0.7888807307009978,-0.20791311454942885,-0.1762654714351243,0.17759496864710952,-0.0916336008419839,-0.7695252399913965,-0.2469216580795849,1.94721708409166,5.644780272301945,4.4565219245886745,298.89961750956223,0.038166080024727524,-0.7836870070586881,-0.1819604994367788,1.94721708409166,0.9569625836721486,4.614626151026971,0.41921314469626925,0.015636620243913768,0.10909304614947946,-0.012443417891692121,-0.08005428832432226,-0.06441766808040938,2.2481959222390415,2.3664302287879293
Ohio,OH,39,Midwest,East North Central,2024,1185507915.4,99.95008139279994,0.1284211652482839,20.89343714113618,11861.0,721.9973,923.1406,3431.919,162.546,4.736300594507038,186335.0,15.709889554000506,258.0826825806689,4.614626151026971,20.89343714113618,12.84211652482839,60871.53696990136,11.016520971208644,16.288766265011414,5.090961038634156,2.754290421943677,5.553280008699307,289.3448275862069,7,1,-0.7888807307009978,-0.20791311454942885,-0.1762654714351243,0.17759496864710952,-0.1101920562280935,-0.7473679152959413,-0.23456427911638378,2.3664302287879293,5.564725983977623,4.565614970738154,287.10027100271003,-0.0916336008419839,-0.7695252399913965,-0.2469216580795849,2.3664302287879293,1.94721708409166,,2.2481959222390415,0.015104233636945352,0.1706856237688843,0.048969206441421775,-0.011445975278316034,0.0036582583586297623,,4.614626151026971
Oklahoma,OK,40,South,West South Central,2017,3122136.99,0.7936291281138791,0.0016215641902454,14.95402857831202,3934.0,192.5386,192.5386,1514.869,142.535,9.409064414150665,92919.0,23.619471276054902,482.5993333284858,0.5842410132317001,14.95402857831202,0.16215641902454,48942.196237925775,10.798395212122283,15.185167277931141,4.959587583585604,3.162071425931671,6.179186771773661,385.07092018301984,0,0,-0.10433112459709074,0.38325515168175833,0.30043764777252946,0.34580761656979214,0.9046504937453871,-0.14077936442178107,0.29245455907319473,,,,,,,,,,0.6434888184135655,,,,,,,0.059247805181865454,0.5842410132317001
Oklahoma,OK,40,South,West South Central,2018,3560958.44,0.903108911995942,0.0017439102931086,15.085540572136075,3943.0,196.0305,204.1939,1582.766,156.838,9.90910848476654,98070.0,24.87192493025615,500.2792932732407,0.6434888184135655,15.085540572136075,0.17439102931086,49716.07912756784,10.814083683455733,15.187452412859765,5.0552134254938075,3.2137396545087387,6.215166529017281,401.41161552117677,1,0,-0.10433112459709074,0.38325515168175833,0.30043764777252946,0.34580761656979214,0.962987918331107,-0.07586681590114283,0.38241805845676874,0.5842410132317001,6.179186771773661,9.409064414150665,385.07092018301984,0.9046504937453871,-0.14077936442178107,0.29245455907319473,0.5842410132317001,,0.6598909233400845,0.059247805181865454,0.015688471333449527,0.5000440706158749,0.09562584190820367,0.035979757243620014,0.051668228577067765,0.016402104926518946,0.6434888184135655
Oklahoma,OK,40,South,West South Central,2019,3701876.55,0.934581305225953,0.0017970911347829,15.124350694853243,3961.0,200.0722,205.9927,1541.357,166.473,10.8004180731654,91242.0,23.03509214844736,456.0453676222883,0.6598909233400845,15.124350694853245,0.17970911347829,50510.52764453421,10.829937061745571,15.192007076604053,5.114833134108632,3.1370187987465976,6.122592294965299,389.13329967180005,2,0,-0.10433112459709074,0.38325515168175833,0.30043764777252946,0.34580761656979214,0.8128884509828143,0.03983733959977494,0.3148199399258276,0.6434888184135655,6.215166529017281,9.90910848476654,401.41161552117677,0.962987918331107,-0.07586681590114283,0.38241805845676874,0.6434888184135655,0.5842410132317001,0.7406281352391779,0.016402104926518946,0.01585337828983846,0.89130958839886,0.05961970861482424,-0.09257423405198129,-0.07672085576214105,0.08073721189909344,0.6598909233400845
Oklahoma,OK,40,South,West South Central,2020,4350606.0,1.0972524590163937,0.0022633236570215,15.28582593355992,3965.0,191.377,192.222,1444.172,166.862,11.554163908454116,83962.0,21.17578814627995,438.7256566881077,0.7406281352391779,15.28582593355992,0.22633236570214998,48266.582597730136,10.784494728504392,15.193016413051085,5.117167123498224,3.052858460448988,6.08387428990887,364.23001261034045,3,0,-0.10433112459709074,0.38325515168175833,0.30043764777252946,0.34580761656979214,0.7501112430990817,0.13768384149939075,0.17771519598197041,0.6598909233400845,6.122592294965299,10.8004180731654,389.13329967180005,0.8128884509828143,0.03983733959977494,0.3148199399258276,0.6598909233400845,0.6434888184135655,0.7062527617499426,0.08073721189909344,-0.045442333241179966,0.7537458352887167,0.0023339893895926167,-0.038718005056429305,-0.08416033829760972,-0.03437537348923536,0.7406281352391779
Oklahoma,OK,40,South,West South Central,2021,4098350.0,1.0263836714249936,0.0018702619968566,15.226095255650431,3993.0,194.9912,219.1324,1490.774,177.086,11.878795846989552,87622.0,21.943901828199348,449.36386872843485,0.7062527617499426,15.226095255650433,0.18702619968566,48833.25820185324,10.796166880241364,15.200053386045358,5.176635490280663,3.0884892798830124,6.107832957605923,373.34685699974955,4,0,-0.10433112459709074,0.38325515168175833,0.30043764777252946,0.34580761656979214,0.788957724482693,0.1798255000047628,0.2279078718524731,0.7406281352391779,6.08387428990887,11.554163908454116,364.23001261034045,0.7501112430990817,0.13768384149939075,0.17771519598197041,0.7406281352391779,0.6598909233400845,2.2879738178648195,-0.03437537348923536,0.011672151736972225,0.32463193853543615,0.05946836678243894,0.023958667697052682,0.03563081943402446,1.581721056114877,0.7062527617499426
Oklahoma,OK,40,South,West South Central,2022,35641171.8,8.854949515527949,0.0143980592345121,17.389012066871704,4025.0,194.1709,247.5415,1522.858,192.506,12.64109982677308,86977.0,21.60919254658385,447.9404483370062,2.2879738178648195,17.389012066871704,1.43980592345121,48241.217391304344,10.783969067220792,15.208035468834801,5.26012732207327,3.073118805016634,6.104660295760117,378.3498136645963,5,1,-0.10433112459709074,0.38325515168175833,0.30043764777252946,0.34580761656979214,0.7838135841286468,0.27878296592217383,0.2554515889048928,0.7062527617499426,6.107832957605923,11.878795846989552,373.34685699974955,0.788957724482693,0.1798255000047628,0.2279078718524731,0.7062527617499426,0.7406281352391779,2.7962996035023195,1.581721056114877,-0.012197813020572212,0.7623039797835283,0.08349183179260677,-0.003172661845805891,-0.015370474866378547,0.5083257856375001,2.2879738178648195
Oklahoma,OK,40,South,West South Central,2023,62504816.2,15.3839075067684,0.0244223165263435,17.95075418693649,4063.0,207.0727,255.9332,1513.828,188.158,12.42928522923344,86631.0,21.32192960866355,418.3603150004805,2.7962996035023195,17.95075418693649,2.4422316526343497,50965.468865370414,10.838903601312387,15.217432174969863,5.23728203540207,3.059736102175097,6.036343058826984,372.5887275412257,6,1,-0.10433112459709074,0.38325515168175833,0.30043764777252946,0.34580761656979214,0.6730443082131424,0.2512865388107853,0.2237339993419614,2.2879738178648195,6.104660295760117,12.64109982677308,378.3498136645963,0.7838135841286468,0.27878296592217383,0.2554515889048928,2.2879738178648195,0.7062527617499426,2.4706571927161707,0.5083257856375001,0.05493453409159521,-0.21181459753964127,-0.022845286671199894,-0.06831723693313307,-0.013382702841536975,-0.32564241078614886,2.7962996035023195
Oklahoma,OK,40,South,West South Central,2024,44382237.59,10.83021903123475,0.0168308920378118,17.608349915611647,4098.0,210.3159,263.6951,1535.488,196.162,12.775221948982995,88558.0,21.610053684724257,421.0713502878289,2.4706571927161707,17.608349915611647,1.6830892037811798,51321.595900439235,10.84586691529282,15.226009607780982,5.278940848454434,3.0731586547694922,6.042802297440946,374.6920448999512,7,1,-0.10433112459709074,0.38325515168175833,0.30043764777252946,0.34580761656979214,0.6835172900893609,0.296193848836792,0.235313787471498,2.7962996035023195,6.036343058826984,12.42928522923344,372.5887275412257,0.6730443082131424,0.2512865388107853,0.2237339993419614,2.7962996035023195,2.2879738178648195,,-0.32564241078614886,0.006963313980433483,0.345936719749556,0.041658813052364074,0.006459238613961915,0.013422552594395398,,2.4706571927161707
Oregon,OR,41,West,Pacific,2017,3365144.91,0.8114648926935134,0.0014920754518709,15.028981881190738,4147.0,225.5345,225.5345,823.583,255.253,30.992990384697112,38281.0,9.231010368941403,169.73456389155538,0.5941358509242425,15.028981881190738,0.14920754518708998,54384.97709187365,10.903843238306452,15.237895739228518,5.542255210158861,2.222568508281287,5.134235827939109,198.59729925247166,0,0,2.6596346809181415,-0.708734409140681,-0.8081401116529195,-1.8327726462928784,-0.7896284995497793,2.6611089573482327,-0.7341736923247247,,,,,,,,,,0.6436793599690124,,,,,,,0.049543509044769896,0.5941358509242425
Oregon,OR,41,West,Pacific,2018,3780125.04,0.9034715678776292,0.001585178085512,15.145267910955218,4184.0,234.3083,238.4669,820.264,252.838,30.82397862151697,39051.0,9.333413001912046,166.6650306455213,0.6436793599690124,15.145267910955218,0.1585178085512,56001.02772466539,10.933125321775053,15.246778284726895,5.5327489674320125,2.2336007573898113,5.115985993579032,196.04780114722755,1,0,2.6596346809181415,-0.708734409140681,-0.8081401116529195,-1.8327726462928784,-0.8192187029653861,2.63916892261394,-0.7482099231259913,0.5941358509242425,5.134235827939109,30.992990384697112,198.59729925247166,-0.7896284995497793,2.6611089573482327,-0.7341736923247247,0.5941358509242425,,0.6628637728761483,0.049543509044769896,0.029282083468601172,-0.16901176318014066,-0.009506242726848413,-0.01824983436007699,0.011032249108524184,0.019184412907135906,0.6436793599690124
Oregon,OR,41,West,Pacific,2019,3964478.0,0.940341081593928,0.0015935562810462,15.19288500466959,4216.0,239.7948,248.7818,851.039,236.857,27.831509484289203,41245.0,9.782969639468693,172.00122771636418,0.6628637728761483,15.19288500466959,0.15935562810462,56877.324478178365,10.94865202536409,15.254397369203335,5.467456583503436,2.280643082073634,5.147501614673817,201.85934535104363,2,0,2.6596346809181415,-0.708734409140681,-0.8081401116529195,-1.8327726462928784,-0.7681194096477482,2.250705566119051,-0.7162145372150396,0.6436793599690124,5.115985993579032,30.82397862151697,196.04780114722755,-0.8192187029653861,2.63916892261394,-0.7482099231259913,0.6436793599690124,0.5941358509242425,0.7166270169319425,0.019184412907135906,0.015526703589037183,-2.9924691372277685,-0.06529238392857639,0.03151562109478512,0.047042324683822745,0.053763244055794246,0.6628637728761483
Oregon,OR,41,West,Pacific,2020,4445655.0,1.047515315739868,0.0017735755040879,15.307437997593365,4244.0,236.6514,250.6606,783.051,235.148,30.029717093778054,36813.0,8.674128180961358,155.5579219053849,0.7166270169319425,15.307437997593363,0.17735755040879,55761.40433553252,10.928837230474729,15.26101677871601,5.460215103145447,2.160344822910784,5.047018150400328,184.50777568331762,3,0,2.6596346809181415,-0.708734409140681,-0.8081401116529195,-1.8327726462928784,-0.9310428690661957,2.5360629305882205,-0.8117433929217746,0.6628637728761483,5.147501614673817,27.831509484289203,201.85934535104363,-0.7681194096477482,2.250705566119051,-0.7162145372150396,0.6628637728761483,0.6436793599690124,0.694216643732929,0.053763244055794246,-0.019814794889361664,2.1982076094888505,-0.007241480357989438,-0.10048346427348864,-0.12029825916285031,-0.02241037319901351,0.7166270169319425
Oregon,OR,41,West,Pacific,2021,4264106.0,1.002140070505288,0.0015429104052318,15.265743338321604,4255.0,250.9199,276.3677,832.054,225.51,27.102808231196533,38059.0,8.944535840188014,151.67788605048864,0.694216643732929,15.265743338321604,0.15429104052318,58970.59929494712,10.984794281651865,15.263605319989612,5.418364503857487,2.1910428251937595,5.021759101506168,195.54735605170387,4,0,2.6596346809181415,-0.708734409140681,-0.8081401116529195,-1.8327726462928784,-0.9719977829638252,2.1561101929749027,-0.7509651175109895,0.7166270169319425,5.047018150400328,30.029717093778054,184.50777568331762,-0.9310428690661957,2.5360629305882205,-0.8117433929217746,0.7166270169319425,0.6628637728761483,1.157130456955004,-0.02241037319901351,0.05595705117713656,-2.92690886258152,-0.041850599287959867,-0.025259048894159974,0.0306980022829757,0.46291381322207503,0.694216643732929
Oregon,OR,41,West,Pacific,2022,9259646.0,2.180792746113989,0.0031168412467437,16.041176484945417,4246.0,254.2375,297.0843,848.954,242.676,28.585294374017916,37397.0,8.807583608101742,147.09474408771325,1.157130456955004,16.041176484945417,0.31168412467437,59876.94300518135,11.000046785212687,15.261487921245338,5.4917272203274115,2.1756131240183714,4.991076896769959,199.94206311822893,5,1,2.6596346809181415,-0.708734409140681,-0.8081401116529195,-1.8327726462928784,-1.0217457785604214,2.348557137818271,-0.7267701112221746,0.694216643732929,5.021759101506168,27.102808231196533,195.54735605170387,-0.9719977829638252,2.1561101929749027,-0.7509651175109895,0.694216643732929,0.7166270169319425,2.1530059105198105,0.46291381322207503,0.01525250356082175,1.482486142821383,0.07336271646992465,-0.030682204736208973,-0.01542970117538811,0.9958754535648064,1.157130456955004
Oregon,OR,41,West,Pacific,2023,32345485.78,7.610702536470589,0.0102718321281697,17.291985056968247,4250.0,258.0234,314.895,880.57,240.941,27.36193601871515,38942.0,9.162823529411764,150.92429601346237,2.1530059105198105,17.291985056968247,1.02718321281697,60711.38823529411,11.013886574529062,15.2624295409006,5.484552090240984,2.215154376757104,5.0167783601923155,207.19294117647058,6,1,2.6596346809181415,-0.708734409140681,-0.8081401116529195,-1.8327726462928784,-0.9800735356380428,2.1897485182121774,-0.6868504902865965,1.157130456955004,4.991076896769959,28.585294374017916,199.94206311822893,-1.0217457785604214,2.348557137818271,-0.7267701112221746,1.157130456955004,0.694216643732929,4.693597024114151,0.9958754535648064,0.013839789316374862,-1.2233583553027678,-0.007175130086427117,0.02570146342235624,0.039541252738732435,2.5405911135943406,2.1530059105198105
Oregon,OR,41,West,Pacific,2024,461666769.05,108.24543236811256,0.1397930747182211,19.950353911852595,4265.0,263.34770000000003,330.2501,893.648,254.707,28.50193812328792,38938.0,9.12966002344666,147.8577561148246,4.693597024114151,19.950353911852595,13.97930747182211,61746.236811254406,11.0307883103053,15.265952738907917,5.540113864921454,2.211528456613076,4.996250704272049,209.5305978898007,7,1,2.6596346809181415,-0.708734409140681,-0.8081401116529195,-1.8327726462928784,-1.0133569891939302,2.3377363582350936,-0.6739805496912533,2.1530059105198105,5.0167783601923155,27.36193601871515,207.19294117647058,-0.9800735356380428,2.1897485182121774,-0.6868504902865965,2.1530059105198105,1.157130456955004,,2.5405911135943406,0.01690173577623888,1.1400021045727726,0.055561774680469966,-0.020527655920266064,-0.003625920144027628,,4.693597024114151
Pennsylvania,PA,42,Northeast,Middle Atlantic,2017,16100502.23,1.258343277061352,0.0021344449197818,16.594361085987956,12795.0,754.318,754.318,3738.826,197.812,5.29075169585319,214616.0,16.773427119968737,284.5166097057209,0.8146314812147591,16.594361085987956,0.21344449197818,58954.12270418132,10.984514839129659,16.364565027576027,5.287317084689171,2.819795915121524,5.65079163395614,292.209925752247,0,0,-0.6317085602557305,-0.30811149456806775,-0.2516170215708972,0.03158691854003179,0.04791287611299877,-0.6753925912527512,-0.21879051601999053,,,,,,,,,,0.6780559712078864,,,,,,,-0.13657551000687274,0.8146314812147591
Pennsylvania,PA,42,Northeast,Middle Atlantic,2018,12425295.96,0.9700441845577328,0.0015917200197227,16.33524502986257,12809.0,763.8554,780.6206999999999,3899.981,203.909,5.228461369427184,219535.0,17.139120930595674,287.40387251304367,0.6780559712078864,16.33524502986257,0.15917200197227,59634.2727769537,10.99598573437069,16.365658606813273,5.317673815890263,2.8413636242578617,5.660888447851446,304.4719337965493,1,0,-0.6317085602557305,-0.30811149456806775,-0.2516170215708972,0.03158691854003179,0.06428380700019622,-0.6834787262038455,-0.151282179911486,0.8146314812147591,5.65079163395614,5.29075169585319,292.209925752247,0.04791287611299877,-0.6753925912527512,-0.21879051601999053,0.8146314812147591,,0.9017922606261417,-0.13657551000687274,0.011470895241030732,-0.06229032642600618,0.030356731201091947,0.0100968138953057,0.021567709136337765,0.2237362894182553,0.6780559712078864
Pennsylvania,PA,42,Northeast,Middle Atlantic,2019,18737932.0,1.4640153136963825,0.0023357216250488,16.746060529865147,12799.0,771.8525,802.2330999999999,3793.398,193.105,5.0905546952890255,218446.0,17.067427142745526,283.0152133989331,0.9017922606261417,16.746060529865147,0.23357216250487997,60305.68794437066,11.00718170570239,16.36487760083793,5.263234082418766,2.837171801529869,5.645500653791753,296.38237362293927,2,0,-0.6317085602557305,-0.30811149456806775,-0.2516170215708972,0.03158691854003179,0.03933410349275901,-0.7013808956372068,-0.195819155029831,0.6780559712078864,5.660888447851446,5.228461369427184,304.4719337965493,0.06428380700019622,-0.6834787262038455,-0.151282179911486,0.6780559712078864,0.8146314812147591,0.9702420111558865,0.2237362894182553,0.01119597133170025,-0.1379066741381587,-0.05443973347149722,-0.015387794059692261,-0.0041918227279929,0.06844975052974478,0.9017922606261417
Pennsylvania,PA,42,Northeast,Middle Atlantic,2020,21295024.0,1.638582948599569,0.0027361044084444,16.873984035323264,12996.0,738.1761,778.2972,3388.304,177.566,5.240556927595635,192928.0,14.845183133271776,261.35768958111754,0.9702420111558865,16.873984035323264,0.27361044084444,56800.25392428439,10.947296075197215,16.380152175771126,5.179342370789376,2.6976754445001414,5.5658899272672,260.71899045860266,3,0,-0.6317085602557305,-0.30811149456806775,-0.2516170215708972,0.03158691854003179,-0.08974638816797949,-0.681908557587454,-0.3921634771609133,0.9017922606261417,5.645500653791753,5.0905546952890255,296.38237362293927,0.03933410349275901,-0.7013808956372068,-0.195819155029831,0.9017922606261417,0.6780559712078864,0.9370210363326028,0.06844975052974478,-0.0598856305051747,0.15000223230660925,-0.08389171162938958,-0.07961072652455314,-0.1394963570297274,-0.03322097482328368,0.9702420111558865
Pennsylvania,PA,42,Northeast,Middle Atlantic,2021,20207157.0,1.5523666743489284,0.0023917319178979,16.821547456037663,13017.0,766.14,844.8755,3615.328,179.571,4.966935226900574,214124.0,16.449565952216332,279.48416738455114,0.9370210363326028,16.821547456037663,0.23917319178979,58856.87946531459,10.982864004162458,16.3817667534486,5.190570672897241,2.800299090979762,5.632945644781578,277.7389567488669,4,0,-0.6317085602557305,-0.30811149456806775,-0.2516170215708972,0.03158691854003179,0.018977465554796624,-0.7174283906709498,-0.29846025981451263,0.9702420111558865,5.5658899272672,5.240556927595635,260.71899045860266,-0.08974638816797949,-0.681908557587454,-0.3921634771609133,0.9702420111558865,0.9017922606261417,1.9036192194936041,-0.03322097482328368,0.035567928965242857,-0.27362170069506053,0.011228302107864963,0.06705571751437756,0.10262364647962041,0.9665981831610013,0.9370210363326028
Pennsylvania,PA,42,Northeast,Middle Atlantic,2022,74146116.0,5.7101360030804775,0.008086946591836,18.12154825835302,12985.0,776.8247,916.8617,3743.995,187.119,4.997843212931642,213860.0,16.469772814786293,275.30020608253056,1.9036192194936041,18.12154825835302,0.8086946591836,59824.774740084715,10.999175147455398,16.379305403078988,5.231744778097471,2.8015267502137986,5.617862160722675,288.3323065075087,5,1,-0.6317085602557305,-0.30811149456806775,-0.2516170215708972,0.03158691854003179,-0.005478831018248987,-0.7134161120322974,-0.24013870159684095,0.9370210363326028,5.632945644781578,4.966935226900574,277.7389567488669,0.018977465554796624,-0.7174283906709498,-0.29846025981451263,0.9370210363326028,0.9702420111558865,2.2613236867769837,0.9665981831610013,0.016311143292940145,0.03090798603106748,0.04117410520022968,-0.015083484058902918,0.001227659234036782,0.35770446728337957,1.9036192194936041
Pennsylvania,PA,42,Northeast,Middle Atlantic,2023,111822535.51,8.59578257437159,0.0115705137090198,18.532423677172428,13009.0,789.9185,966.444,3606.065,182.924,5.072676171949202,200508.0,15.41302175417019,253.8337815863282,2.2613236867769837,18.532423677172428,1.15705137090198,60720.92397570913,11.014043628944991,16.381151983583695,5.209070766033817,2.7352127205805847,5.536679649599868,277.197709278192,6,1,-0.6317085602557305,-0.30811149456806775,-0.2516170215708972,0.03158691854003179,-0.13710780750740878,-0.703701772099844,-0.30144009117950477,1.9036192194936041,5.617862160722675,4.997843212931642,288.3323065075087,-0.005478831018248987,-0.7134161120322974,-0.24013870159684095,1.9036192194936041,0.9370210363326028,4.2600679417661445,0.35770446728337957,0.014868481489592966,0.07483295901756026,-0.022674012063653493,-0.08118251112280728,-0.06631402963321387,1.9987442549891608,2.2613236867769837
Pennsylvania,PA,42,Northeast,Middle Atlantic,2024,910803810.0,69.81479457304921,0.0903688259017323,20.629838076378743,13046.0,803.2325,1007.8739,3612.264,181.251,5.017656516799437,201570.0,15.450712862179978,250.94851117204547,4.2600679417661445,20.629838076378746,9.03688259017323,61569.25494404415,11.027917916874497,16.38399213133818,5.199882810960943,2.737655142226264,5.525247783316042,276.88670856967656,7,1,-0.6317085602557305,-0.30811149456806775,-0.2516170215708972,0.03158691854003179,-0.15564338663016644,-0.7108440746374967,-0.3031523017966067,2.2613236867769837,5.536679649599868,5.072676171949202,277.197709278192,-0.13710780750740878,-0.703701772099844,-0.30144009117950477,2.2613236867769837,1.9036192194936041,,1.9987442549891608,0.013874287929505513,-0.055019655149765256,-0.009187955072873955,-0.011431866283825975,0.0024424216456790937,,4.2600679417661445
Rhode Island,RI,44,Northeast,New England,2017,1236112.53,1.16945367076632,0.0021032480483771,14.027482765532376,1057.0,58.7716,58.7716,180.781,9.57,5.2936978996686594,9817.0,9.287606433301798,167.0364597866997,0.7744753712305191,14.027482765532376,0.21032480483771,55602.27057710502,10.925979317122552,13.870945264852375,2.258633205464863,2.2286808698222837,5.118212110664005,171.0321665089877,0,0,-0.631331279189573,-0.7181515816840041,-0.9720136554954444,-0.46464686690370793,-0.8156092862401905,-0.6750101337667784,-0.8859331952869932,,,,,,,,,,0.043642805490629835,,,,,,,-0.7308325657398893,0.7744753712305191
Rhode Island,RI,44,Northeast,New England,2018,47241.09999999996,0.0446091595845136,7.865009348221667e-05,10.76304072317592,1059.0,58.7401,60.0649,193.939,10.167,5.242370023564111,10887.0,10.280453257790368,185.3418703747525,0.043642805490629835,10.763040723175921,0.007865009348221666,55467.51652502361,10.923552840549325,13.872835624583544,2.3191471812930238,2.3302443502797736,5.222202067694722,183.13408876298394,1,0,-0.631331279189573,-0.7181515816840041,-0.9720136554954444,-0.46464686690370793,-0.6470004144550024,-0.6816731929727284,-0.8193062095494176,0.7744753712305191,5.118212110664005,5.2936978996686594,171.0321665089877,-0.8156092862401905,-0.6750101337667784,-0.8859331952869932,0.7744753712305191,,1.4630409635266877,-0.7308325657398893,-0.002426476573226921,-0.051327876104548587,0.06051397582816076,0.10398995703071723,0.10156348045748986,1.4193981580360577,0.1893965030351857
Rhode Island,RI,44,Northeast,New England,2019,3511580.0,3.3190737240075614,0.0055903793220376,15.071576921380528,1058.0,60.1576,62.8147,187.844,11.079,5.897979174208387,10212.0,9.652173913043478,169.75411253108504,1.4630409635266877,15.071576921380528,0.55903793220376,56859.735349716444,10.94834273077482,13.871890891400382,2.4050514245385357,2.2671831659431296,5.134350993132583,177.54631379962194,2,0,-0.631331279189573,-0.7181515816840041,-0.9720136554954444,-0.46464686690370793,-0.7894417711973976,-0.5965661728067745,-0.8500696366294225,0.043642805490629835,5.222202067694722,5.242370023564111,183.13408876298394,-0.6470004144550024,-0.6816731929727284,-0.8193062095494176,0.043642805490629835,0.7744753712305191,1.0296901263600375,1.4193981580360577,0.02478989022549527,0.6556091506442758,0.08590424324551194,-0.08785107456213925,-0.06306118433664398,-0.4333508371666501,1.4630409635266877
Rhode Island,RI,44,Northeast,New England,2020,1973017.0,1.80019799270073,0.0031832661352126,14.495074908125831,1096.0,58.1323,61.9809,172.619,11.882,6.883367416101356,9698.0,8.848540145985401,166.8263598722225,1.0296901263600375,14.495074908125833,0.31832661352125996,53040.4197080292,10.878809537875744,13.907177746490097,2.4750246499335495,2.180252490157337,5.116953510245867,157.49908759124088,3,0,-0.631331279189573,-0.7181515816840041,-0.9720136554954444,-0.46464686690370793,-0.8176499755777948,-0.4686493234283527,-0.9604393966254178,1.4630409635266877,5.134350993132583,5.897979174208387,177.54631379962194,-0.7894417711973976,-0.5965661728067745,-0.8500696366294225,1.4630409635266877,0.043642805490629835,1.0003791538608164,-0.4333508371666501,-0.06953319289907611,0.9853882418929691,0.06997322539501383,-0.017397482886715387,-0.08693067578579283,-0.0293109724992211,1.0296901263600375
Rhode Island,RI,44,Northeast,New England,2021,1886086.0,1.7193126709206927,0.0028125350432448,14.45001487048595,1097.0,60.66,67.06,183.46,11.797,6.430284530687888,10616.0,9.677301731996351,175.008242664029,1.0003791538608164,14.45001487048595,0.28125350432448,55296.26253418414,10.920460599949479,13.908089739257367,2.4678452618597055,2.269783115736813,5.164833073751608,167.23792160437557,4,0,-0.631331279189573,-0.7181515816840041,-0.9720136554954444,-0.46464686690370793,-0.7400182559888966,-0.5274656688497653,-0.90682236444861,1.0296901263600375,5.116953510245867,6.883367416101356,157.49908759124088,-0.8176499755777948,-0.4686493234283527,-0.9604393966254178,1.0296901263600375,1.4630409635266877,1.6185476585307317,-0.0293109724992211,0.04165106207373448,-0.4530828854134681,-0.007179388073843995,0.04787956350574074,0.08953062557947611,0.6181685046699152,1.0003791538608164
Rhode Island,RI,44,Northeast,New England,2022,4442241.0,4.045756830601093,0.0061716478044741,15.306669761916512,1098.0,61.517300000000006,71.9782,188.301,13.293,7.059442063504708,10128.0,9.224043715846994,164.63661441578222,1.6185476585307317,15.306669761916512,0.61716478044741,56026.68488160292,10.933583371962623,13.909000901051613,2.587237580885462,2.2218135223144815,5.103740708316132,171.4945355191257,5,1,-0.631331279189573,-0.7181515816840041,-0.9720136554954444,-0.46464686690370793,-0.8390731561435466,-0.44579242987745554,-0.8833876283268528,1.0003791538608164,5.164833073751608,6.430284530687888,167.23792160437557,-0.7400182559888966,-0.5274656688497653,-0.90682236444861,1.0003791538608164,1.0296901263600375,2.7949936577310104,0.6181685046699152,0.013122772013144157,0.6291575328168202,0.11939231902575642,-0.061092365435476026,-0.047969593422331425,1.1764459992002787,1.6185476585307317
Rhode Island,RI,44,Northeast,New England,2023,16914140.0,15.36252497729337,0.0221640207826924,16.643660575579023,1101.0,62.1193,76.3135,183.971,13.628,7.40768925537177,11161.0,10.137148047229791,179.67040839159486,2.7949936577310104,16.643660575579023,2.21640207826924,56420.79927338783,10.940593150946034,13.911729415704817,2.61212649979872,2.316206700933035,5.191124107951275,167.094459582198,6,1,-0.631331279189573,-0.7181515816840041,-0.9720136554954444,-0.46464686690370793,-0.6973900855285301,-0.4005851890208552,-0.9076121928663519,1.6185476585307317,5.103740708316132,7.059442063504708,171.4945355191257,-0.8390731561435466,-0.44579242987745554,-0.8833876283268528,1.6185476585307317,1.0003791538608164,4.283340952328601,1.1764459992002787,0.007009778983411152,0.34824719186706243,0.024888918913258173,0.08738339963514274,0.09439317861855345,1.4883472945975904,2.7949936577310104
Rhode Island,RI,44,Northeast,New England,2024,79345237.0,71.48219549549549,0.0987113102458165,18.18931899053347,1110.0,63.4591,80.3811,187.859,13.739,7.313463821270208,11045.0,9.95045045045045,174.04911194769545,4.283340952328601,18.18931899053347,9.87113102458165,57170.36036036036,10.953790867550385,13.919870573288517,2.620238503941811,2.2976178215478376,5.159337511961728,169.24234234234234,7,1,-0.631331279189573,-0.7181515816840041,-0.9720136554954444,-0.46464686690370793,-0.7489287363821502,-0.41281693702551137,-0.8957870504614859,2.7949936577310104,5.191124107951275,7.40768925537177,167.094459582198,-0.6973900855285301,-0.4005851890208552,-0.9076121928663519,2.7949936577310104,1.6185476585307317,,1.4883472945975904,0.013197716604350873,-0.09422543410156248,0.008112004143090878,-0.03178659598954692,-0.018588879385197377,,4.283340952328601
South Carolina,SC,45,South,South Atlantic,2017,1592599.52,0.316809134672767,0.0007080183659823,14.280878785315538,5027.0,224.9376,224.9376,1637.359,142.086,8.677754847898354,69613.0,13.847821762482594,309.4769393822998,0.275211487940276,14.280878785315538,0.07080183659823,44745.892182216034,10.708754924678786,15.430333942674713,4.95643250808194,2.628127946797618,5.734883580083107,325.712950069624,0,0,-0.19798019646315718,-0.2209926428975371,-0.05244296442333339,-0.03311200966063454,0.18425919808042227,-0.23571333223084348,-0.03434002323795155,,,,,,,,,,0.4227613753411393,,,,,,,0.14754988740086328,0.275211487940276
South Carolina,SC,45,South,South Atlantic,2018,2679258.0,0.5261700706991359,0.0011325831696339,14.801050821718617,5092.0,231.6633,236.5617,1656.847,145.716,8.794777067526454,73839.0,14.500981932443048,318.7341283664698,0.4227613753411393,14.801050821718617,0.11325831696338999,45495.542026708565,10.725369622703962,15.443181238659434,4.981659521859682,2.6742163666124994,5.764357301872811,325.3823644933229,1,0,-0.19798019646315718,-0.2209926428975371,-0.05244296442333339,-0.03311200966063454,0.23204776459367266,-0.22052225017232419,-0.03616005810637838,0.275211487940276,5.734883580083107,8.677754847898354,325.712950069624,0.18425919808042227,-0.23571333223084348,-0.03434002323795155,0.275211487940276,,0.44566179665743555,0.14754988740086328,0.01661469802517601,0.11702221962809922,0.025227013777742613,0.029473721789703866,0.04608841981488121,0.02290042131629627,0.4227613753411393
South Carolina,SC,45,South,South Atlantic,2019,2896337.0,0.56152326483133,0.0011605044080813,14.878957738384528,5158.0,239.0213,249.5757,1621.809,145.436,8.967517136728185,69217.0,13.41934858472276,289.58507045188026,0.44566179665743555,14.878957738384528,0.11605044080813,46339.91857309035,10.743759040822336,15.456059465423428,4.979736127300686,2.596697589733714,5.668449106875652,314.4259402869329,2,0,-0.19798019646315718,-0.2209926428975371,-0.05244296442333339,-0.03311200966063454,0.07654262722114707,-0.19809823040601557,-0.09648051827896935,0.4227613753411393,5.764357301872811,8.794777067526454,325.3823644933229,0.23204776459367266,-0.22052225017232419,-0.03616005810637838,0.4227613753411393,0.275211487940276,0.5580370052911087,0.02290042131629627,0.01838941811837458,0.17274006920173157,-0.0019233945589958168,-0.09590819499715852,-0.07751877687878528,0.11237520863367312,0.44566179665743555
South Carolina,SC,45,South,South Atlantic,2020,3834832.14,0.7472393102104443,0.0015403858403624,15.15963648205856,5132.0,233.2944,248.9527,1507.583,143.994,9.551314919311242,63285.0,12.331449727201871,271.26669135650064,0.5580370052911087,15.15963648205856,0.15403858403624,45458.768511301634,10.724561007538982,15.451006004717664,4.969771632041255,2.512152887491022,5.603102437916313,293.7613016367888,3,0,-0.19798019646315718,-0.2209926428975371,-0.05244296442333339,-0.03311200966063454,-0.029410182480464828,-0.1223133064062376,-0.21024943496166082,0.44566179665743555,5.668449106875652,8.967517136728185,314.4259402869329,0.07654262722114707,-0.19809823040601557,-0.09648051827896935,0.44566179665743555,0.4227613753411393,0.4895114017557602,0.11237520863367312,-0.01919803328335412,0.5837977825830567,-0.009964495259431772,-0.06534666895933938,-0.08454470224269217,-0.06852560353534848,0.5580370052911087
South Carolina,SC,45,South,South Atlantic,2021,3280109.0,0.6315188679245283,0.0012038647913914,15.003387516383354,5194.0,245.812,272.4649,1604.553,143.795,8.961685902553544,69111.0,13.305929919137466,281.15388996468846,0.4895114017557602,15.003387516383354,0.12038647913914,47326.14555256064,10.764818181860855,15.463014671204832,4.9683886741678345,2.588209794444069,5.638902170547487,308.9243357720447,4,0,-0.19798019646315718,-0.2209926428975371,-0.05244296442333339,-0.03311200966063454,0.02863535096821891,-0.19885520422800368,-0.12676953500325036,0.5580370052911087,5.603102437916313,9.551314919311242,293.7613016367888,-0.029410182480464828,-0.1223133064062376,-0.21024943496166082,0.5580370052911087,0.44566179665743555,1.04998327619446,-0.06852560353534848,0.040257174321872924,-0.5896290167576979,-0.001382957873420132,0.03579973263117431,0.07605690695304723,0.5604718744386998,0.4895114017557602
South Carolina,SC,45,South,South Atlantic,2022,9824864.0,1.857603327661184,0.00322052774773,16.10042697516718,5289.0,256.6085,305.07,1636.096,151.773,9.276533895321544,67586.0,12.778597088296465,263.38176638731767,1.04998327619446,16.10042697516718,0.322052774773,48517.394592550576,10.789677664018333,15.481139750048117,5.022385983528918,2.547771668925071,5.573604562871012,309.3393836263944,5,1,-0.19798019646315718,-0.2209926428975371,-0.05244296442333339,-0.03311200966063454,-0.07723791097908855,-0.15798363548405964,-0.12448449409059381,0.4895114017557602,5.638902170547487,8.961685902553544,308.9243357720447,0.02863535096821891,-0.19885520422800368,-0.12676953500325036,0.4895114017557602,0.5580370052911087,1.9658608231311687,0.5604718744386998,0.024859482157477686,0.3148479927679997,0.05399730936108327,-0.06529760767647552,-0.04043812551899828,0.9158775469367086,1.04998327619446
South Carolina,SC,45,South,South Atlantic,2023,33106439.0,6.141057132257466,0.009943462138696,17.315238383356107,5391.0,266.0378,332.9468,1613.309,148.93,9.2313375800916,69107.0,12.818957521795586,259.76383807113126,1.9658608231311687,17.315238383356107,0.9943462138695999,49348.5067705435,10.806662786461466,15.500241454433805,5.003476396897776,2.5509251316335475,5.559772903136356,299.2596920793916,6,1,-0.19798019646315718,-0.2209926428975371,-0.05244296442333339,-0.03311200966063454,-0.09966450494419682,-0.16385073436137343,-0.179978113273245,1.04998327619446,5.573604562871012,9.276533895321544,309.3393836263944,-0.07723791097908855,-0.15798363548405964,-0.12448449409059381,1.04998327619446,0.4895114017557602,3.305382089306926,0.9158775469367086,0.016985122443132994,-0.04519631522994416,-0.018909586631141728,-0.013831659734655943,0.0031534627084766065,1.3395212661757574,1.9658608231311687
South Carolina,SC,45,South,South Atlantic,2024,144161662.7,26.258954954462656,0.0403730042534553,18.786445892406988,5490.0,278.0328,357.0744,1645.081,147.484,8.965151260029144,70812.0,12.898360655737704,254.68937477880303,3.305382089306926,18.786445892406988,4.0373004253455305,50643.497267759565,10.832566115803091,15.518438813485714,4.993719695319811,2.557100222341593,5.540044664502775,299.6504553734062,7,1,-0.19798019646315718,-0.2209926428975371,-0.05244296442333339,-0.03311200966063454,-0.13165178672886335,-0.19840535350784783,-0.1778267707120678,1.9658608231311687,5.559772903136356,9.2313375800916,299.2596920793916,-0.09966450494419682,-0.16385073436137343,-0.179978113273245,1.9658608231311687,1.04998327619446,,1.3395212661757574,0.025903329341625536,-0.2661863200624559,-0.009756701577964932,-0.019728238633580197,0.006175090708045339,,3.305382089306926
South Dakota,SD,46,Midwest,West North Central,2017,2161236.0,2.4728100686498857,0.0041872165315963,14.586191300923954,874.0,51.6151,51.6151,344.608,100.635,29.20274630884948,14575.0,16.676201372997713,282.378606260571,1.2449640842877692,14.586191300923954,0.41872165315962995,59056.17848970251,10.986244447645708,13.680835654637672,4.611500109682961,2.813982635563158,5.643248745881724,394.2883295194508,0,0,2.430381976108026,-0.31557375197502296,0.35523475493919754,-1.0491172873989898,0.035682869634070115,2.4287108303309153,0.34320089403605486,,,,,,,,,,1.3287499061022754,,,,,,,0.08378582181450622,1.2449640842877692
South Dakota,SD,46,Midwest,West North Central,2018,2440385.0,2.7763196814562003,0.0045743352796183,14.707666781478917,879.0,51.9378,53.3495,354.09,106.322,30.026829337174167,15451.0,17.57792946530148,297.4904597422301,1.3287499061022754,14.707666781478915,0.45743352796183,59087.372013651875,10.986772509051367,13.686540176667314,4.666472225364255,2.866644107465241,5.695382156378148,402.8327645051194,1,0,2.430381976108026,-0.31557375197502296,0.35523475493919754,-1.0491172873989898,0.1202117585489836,2.5356880603484138,0.3902421768981883,1.2449640842877692,5.643248745881724,29.20274630884948,394.2883295194508,0.035682869634070115,2.4287108303309153,0.34320089403605486,1.2449640842877692,,1.3385138477354122,0.08378582181450622,0.0005280614056584199,0.8240830283246865,0.05497211568129412,0.05213341049642395,0.05266147190208326,0.009763941633136763,1.3287499061022754
South Dakota,SD,46,Midwest,West North Central,2019,2495461.0,2.8133720405862457,0.0045227454789962,14.729984440366524,887.0,52.5102,55.1758,351.244,110.493,31.457619204883216,15950.0,17.981961668545658,303.7505094248356,1.3385138477354122,14.729984440366525,0.45227454789962,59199.77452085682,10.988673012095534,13.695600261291716,4.704952170534922,2.889369125903411,5.716206671772152,395.9909808342728,2,0,2.430381976108026,-0.31557375197502296,0.35523475493919754,-1.0491172873989898,0.15397653878655163,2.7214241227640947,0.35257482013537755,1.3287499061022754,5.695382156378148,30.026829337174167,402.8327645051194,0.1202117585489836,2.5356880603484138,0.3902421768981883,1.3287499061022754,1.2449640842877692,1.405270545168777,0.009763941633136763,0.0019005030441672233,1.4307898677090485,0.038479945170666774,0.020824515394004095,0.022725018438169986,0.06675669743336488,1.3385138477354122
South Dakota,SD,46,Midwest,West North Central,2020,2732047.0,3.0766295045045045,0.0048059397719856,14.820562069064596,888.0,53.3492,56.8473,339.057,109.622,32.33143689704091,14902.0,16.78153153153153,279.32939950364766,1.405270545168777,14.820562069064595,0.48059397719856,60077.92792792793,11.003397797293472,13.696727021974308,4.6970380842973665,2.8202789681215026,5.632391728792306,381.82094594594594,3,0,2.430381976108026,-0.31557375197502296,0.35523475493919754,-1.0491172873989898,0.018079348537714455,2.8348575912792153,0.2745618654501211,1.3385138477354122,5.716206671772152,31.457619204883216,395.9909808342728,0.15397653878655163,2.7214241227640947,0.35257482013537755,1.3385138477354122,1.3287499061022754,1.3763232181081868,0.06675669743336488,0.014724785197937962,0.8738176921576937,-0.007914086237555296,-0.08381494297984649,-0.06909015778190852,-0.028947327060590222,1.405270545168777
South Dakota,SD,46,Midwest,West North Central,2021,2652441.0,2.9603136160714287,0.0041877760007073,14.79099128306721,896.0,56.0154,63.3377,348.459,127.382,36.55580713943391,15113.0,16.8671875,269.80080477868586,1.3763232181081868,14.79099128306721,0.41877760007073,62517.1875,11.043196797918924,13.705695691957068,4.84719044587193,2.82537016659519,5.59768392664054,388.90513392857144,4,0,2.430381976108026,-0.31557375197502296,0.35523475493919754,-1.0491172873989898,-0.03819573349952582,3.3832385329644987,0.31356377620234344,1.405270545168777,5.632391728792306,32.33143689704091,381.82094594594594,0.018079348537714455,2.8348575912792153,0.2745618654501211,1.405270545168777,1.3385138477354122,1.898746549101558,-0.028947327060590222,0.03979900062545205,4.224370242393,0.15015236157456346,-0.0347078021517655,0.005091198473687442,0.5224233309933712,1.3763232181081868
South Dakota,SD,46,Midwest,West North Central,2022,5160865.0,5.677519251925193,0.007433662798737,15.456614952833322,909.0,55.2572,69.4256,354.014,130.072,36.74204974944494,15458.0,17.005500550055004,279.7463497969496,1.898746549101558,15.456614952833322,0.7433662798737,60788.998899889986,11.01516411243625,13.720100373159616,4.868088143293254,2.8335368534893375,5.633883299017362,389.4543454345434,5,1,2.430381976108026,-0.31557375197502296,0.35523475493919754,-1.0491172873989898,0.020497774124339292,3.4074153669064775,0.3165874534667734,1.3763232181081868,5.59768392664054,36.55580713943391,388.90513392857144,-0.03819573349952582,3.3832385329644987,0.31356377620234344,1.3763232181081868,1.405270545168777,2.6202481769136963,0.5224233309933712,-0.02803268548267468,0.18624261001102838,0.02089769742132397,0.03619937237682169,0.008166686894147457,0.7215016278121382,1.898746549101558
South Dakota,SD,46,Midwest,West North Central,2023,11694524.0,12.739132897603486,0.0157060334037078,16.274631341527865,918.0,57.253,74.4588,349.547,126.621,36.22431318249048,15195.0,16.552287581699346,265.40093968875,2.6202481769136963,16.274631341527865,1.57060334037078,62367.10239651416,11.040793210151934,13.729952669602628,4.841198372731296,2.806524314730403,5.581241662542744,380.7701525054466,6,1,2.430381976108026,-0.31557375197502296,0.35523475493919754,-1.0491172873989898,-0.06485515021901424,3.340206090768181,0.268776734947389,1.898746549101558,5.633883299017362,36.74204974944494,389.4543454345434,0.020497774124339292,3.4074153669064775,0.3165874534667734,1.898746549101558,1.3763232181081868,4.4428904288508555,0.7215016278121382,0.02562909771568478,-0.5177365669544614,-0.02688977056195796,-0.05264163647461828,-0.02701253875893439,1.8226422519371592,2.6202481769136963
South Dakota,SD,46,Midwest,West North Central,2024,77886847.84,84.0203320819849,0.1014207129035702,18.170767675536467,927.0,57.718,76.7958,346.813,141.125,40.69195791391903,15113.0,16.303128371089535,261.8420596694272,4.4428904288508555,18.170767675536467,10.14207129035702,62263.21467098166,11.039126075669113,13.739708844547993,4.949646022469826,2.7913570140042654,5.567741496299427,374.12405609492987,7,1,2.430381976108026,-0.31557375197502296,0.35523475493919754,-1.0491172873989898,-0.08674426205435912,3.920167383069171,0.2321867320155961,2.6202481769136963,5.581241662542744,36.22431318249048,380.7701525054466,-0.06485515021901424,3.340206090768181,0.268776734947389,2.6202481769136963,1.898746549101558,,1.8226422519371592,-0.0016671344828207424,4.467644731428557,0.1084476497385305,-0.013500166243316514,-0.0151673007261377,,4.4428904288508555
Tennessee,TN,47,South,East South Central,2017,5029695.0,0.74902382725242,0.001415151195425,15.430870102873763,6715.0,355.4175,355.4175,2068.889,132.019,6.381154329690959,96988.0,14.443484735666418,272.8847060147573,0.5590578193012551,15.430870102873765,0.1415151195425,52928.890543559195,10.876704603807852,15.719854387939476,4.88294585162203,2.6702434295350965,5.609049383691519,308.099627699181,0,0,-0.49207522393480185,-0.34871024087588687,-0.15715341811659977,-0.006050762823305586,-0.019767830023015,-0.53384343981726,-0.1313099552650157,,,,,,,,,,0.21532667592617707,,,,,,,-0.34373114337507804,0.5590578193012551
Tennessee,TN,47,South,East South Central,2018,1628529.7,0.2402669961640602,0.0004404845972499,14.303188755224756,6778.0,362.3637,369.7132,2144.103,139.464,6.5045382614547895,93456.0,13.78813809383299,257.90662806456606,0.21532667592617707,14.303188755224756,0.04404845972499,53461.74387724992,10.886721609386283,15.729192631149134,4.937806503440914,2.623808664113094,5.552597612691085,316.33269401003247,1,0,-0.49207522393480185,-0.34871024087588687,-0.15715341811659977,-0.006050762823305586,-0.11129849019866482,-0.5178265206536704,-0.08598290885398138,0.5590578193012551,5.609049383691519,6.381154329690959,308.099627699181,-0.019767830023015,-0.53384343981726,-0.1313099552650157,0.5590578193012551,,0.630226180397924,-0.34373114337507804,0.010017005578431437,0.12338393176383011,0.05486065181888389,-0.05645177100043419,-0.04643476542200231,0.41489950447174695,0.21532667592617707
Tennessee,TN,47,South,East South Central,2019,5996981.14,0.8780353060029282,0.0015542945108375,15.606766923990468,6830.0,370.1974,385.833,2094.297,134.222,6.408928628556504,92014.0,13.47203513909224,248.5538796328661,0.630226180397924,15.606766923990467,0.15542945108375,54201.6691068814,10.900466982283486,15.736835231546973,4.899495145528031,2.6006160658021096,5.515659641482897,306.6320644216691,2,0,-0.49207522393480185,-0.34871024087588687,-0.15715341811659977,-0.006050762823305586,-0.17118955881028652,-0.5302379565635224,-0.13938960703500505,0.21532667592617707,5.552597612691085,6.5045382614547895,316.33269401003247,-0.11129849019866482,-0.5178265206536704,-0.08598290885398138,0.21532667592617707,0.5590578193012551,0.6956753791994141,0.41489950447174695,0.013745372897203012,-0.09560963289828539,-0.03831135791288265,-0.03693797120818765,-0.023192598310984636,0.06544919880149014,0.630226180397924
Tennessee,TN,47,South,East South Central,2020,6963075.04,1.0050627944572748,0.0017781608146917,15.756131894445264,6928.0,368.057,391.5886,1941.206,136.076,7.009869122596983,83043.0,11.986576212471132,225.62537867775916,0.6956753791994141,15.756131894445264,0.17781608146917,53126.0103926097,10.880421925200862,15.751081729224408,4.913213553181741,2.483787374672504,5.418876007435916,280.19717090069287,3,0,-0.49207522393480185,-0.34871024087588687,-0.15715341811659977,-0.006050762823305586,-0.32811412931579953,-0.45222767453103196,-0.28492659170823037,0.630226180397924,5.515659641482897,6.408928628556504,306.6320644216691,-0.17118955881028652,-0.5302379565635224,-0.13938960703500505,0.630226180397924,0.21532667592617707,0.6639193103061998,0.06544919880149014,-0.020045057082624496,0.6009404940404792,0.013718407653709797,-0.09678363404698143,-0.11682869112960548,-0.03175606889321436,0.6956753791994141
Tennessee,TN,47,South,East South Central,2021,6565632.98,0.942390265537534,0.0014806813905651,15.69735963074422,6967.0,401.6737,443.4197,2101.684,135.84,6.463388406630112,92325.0,13.251758289077078,229.8507470118158,0.6639193103061998,15.69735963074422,0.14806813905651,57653.753408927805,10.96221063041094,15.756695274012255,4.9114777225630375,2.584130244690645,5.437430172243979,301.6626955648055,4,0,-0.49207522393480185,-0.34871024087588687,-0.15715341811659977,-0.006050762823305586,-0.2980304858128035,-0.5231683337155356,-0.16674840681920217,0.6956753791994141,5.418876007435916,7.009869122596983,280.19717090069287,-0.32811412931579953,-0.45222767453103196,-0.28492659170823037,0.6956753791994141,0.630226180397924,1.217936110788237,-0.03175606889321436,0.0817887052100783,-0.5464807159668714,-0.0017358306187036376,0.018554164808063156,0.10034287001814102,0.5540168004820372,0.6639193103061998
Tennessee,TN,47,South,East South Central,2022,16811382.0,2.380204162537165,0.0034267891322028,16.637566774457476,7063.0,415.4516,490.587,2109.856,119.352,5.656878952876405,91480.0,12.952003397989523,220.19412128873736,1.217936110788237,16.637566774457476,0.34267891322028,58820.84100240691,10.982251509904563,15.770380448391059,4.7820771100805475,2.5612504787277954,5.394509526787506,298.7195242814668,5,1,-0.49207522393480185,-0.34871024087588687,-0.15715341811659977,-0.006050762823305586,-0.3676218368753901,-0.6278642737847006,-0.18295200051304666,0.6639193103061998,5.437430172243979,6.463388406630112,301.6626955648055,-0.2980304858128035,-0.5231683337155356,-0.16674840681920217,0.6639193103061998,0.6956753791994141,2.0493945554979134,0.5540168004820372,0.020040879493622654,-0.8065094537537068,-0.12940061248249002,-0.042920645456472784,-0.022879765962849685,0.8314584447096764,1.217936110788237
Tennessee,TN,47,South,East South Central,2023,48377166.0,6.763199496714665,0.0091063449229247,17.69453850417655,7153.0,428.2761,531.2468,2057.422,118.491,5.759197675537639,88399.0,12.3583111980987,206.40656809941063,2.0493945554979134,17.69453850417655,0.9106344922924701,59873.633440514466,10.999991510912286,15.783042407090521,4.774837008323798,2.514328808236173,5.329847855288159,287.6306444848315,6,1,-0.49207522393480185,-0.34871024087588687,-0.15715341811659977,-0.006050762823305586,-0.47246399462365096,-0.6145819064102874,-0.2440016933262807,1.217936110788237,5.394509526787506,5.656878952876405,298.7195242814668,-0.3676218368753901,-0.6278642737847006,-0.18295200051304666,1.217936110788237,0.6639193103061998,3.7169171907819623,0.8314584447096764,0.01774000100772355,0.10231872266123343,-0.007240101756749162,-0.06466167149934687,-0.046921670491622436,1.6675226352840489,2.0493945554979134
Tennessee,TN,47,South,East South Central,2024,291036140.46,40.13737973520893,0.0518595007387724,19.488958014880943,7251.0,440.2002,561.2012,2092.383,123.56,5.905228631660648,90460.0,12.475520617845817,205.4974077703736,3.7169171907819623,19.488958014880946,5.1859500738772395,60708.89532478279,11.013845512023876,15.79664994835373,4.816726868050381,2.5237683736602414,5.325433419600639,288.5647496896979,7,1,-0.49207522393480185,-0.34871024087588687,-0.15715341811659977,-0.006050762823305586,-0.47962154177622096,-0.5956250942373623,-0.23885898848519832,2.0493945554979134,5.329847855288159,5.759197675537639,287.6306444848315,-0.47246399462365096,-0.6145819064102874,-0.2440016933262807,2.0493945554979134,1.217936110788237,,1.6675226352840489,0.013854001111589298,0.14603095612300976,0.04188985972658266,-0.004414435687520424,0.00943956542406843,,3.7169171907819623
Texas,TX,48,South,West South Central,2017,6840702.23,0.2417978236895125,0.0004102830260425,15.738401095717512,28291.0,1667.313,1667.313,12740.6,500.54,3.928700375178563,662035.0,23.400904881411048,397.0670174106481,0.2165601874020339,15.738401095717512,0.04102830260425,58934.39609769892,10.984180173686967,17.158054290832588,6.215687515641756,3.1527746917617563,5.9841050760390635,450.3410978756495,0,0,-0.8061283243356674,0.0847223502310214,0.6884660830156334,0.6930497248617381,0.5883458662318307,-0.8522054516312305,0.6517987282839861,,,,,,,,,,0.2784413598037162,,,,,,,0.06188117240168231,0.2165601874020339
Texas,TX,48,South,West South Central,2018,9190604.0,0.321069135371179,0.0005083223042754,16.033692324591563,28625.0,1746.5433,1808.0269,13540.565,538.21,3.9747972111946575,681981.0,23.82466375545852,390.474716544388,0.2784413598037162,16.033692324591563,0.050832230427539996,61014.61310043668,11.018868673489319,17.169791019838677,6.288248818573554,3.1707213363434463,5.967363220818401,473.0328384279476,1,0,-0.8061283243356674,0.0847223502310214,0.6884660830156334,0.6930497248617381,0.5612006937464425,-0.8462214528591678,0.7767278298272955,0.2165601874020339,5.9841050760390635,3.928700375178563,450.3410978756495,0.5883458662318307,-0.8522054516312305,0.6517987282839861,0.2165601874020339,,0.29528450432695963,0.06188117240168231,0.03468849980235156,0.04609683601609449,0.07256130293179819,-0.01674185522066285,0.01794664458169004,0.016843144523243425,0.2784413598037162
Texas,TX,48,South,West South Central,2019,9957282.0,0.343508538310277,0.0005339390799037,16.113814801181846,28987.0,1806.7361,1864.8723,13723.614,562.206,4.0966322719365325,682830.0,23.556421844275015,377.9356597789793,0.29528450432695963,16.113814801181846,0.05339390799036999,62329.185496946906,11.040185062124813,17.182358011583016,6.331868330774074,3.159398473067459,5.93472396890692,473.4403008245075,2,0,-0.8061283243356674,0.0847223502310214,0.6884660830156334,0.6930497248617381,0.5082795502259995,-0.8304055983042257,0.778971109094375,0.2784413598037162,5.967363220818401,3.9747972111946575,473.0328384279476,0.5612006937464425,-0.8462214528591678,0.7767278298272955,0.2784413598037162,0.2165601874020339,0.3583677325740726,0.016843144523243425,0.02131638863549412,0.121835060741875,0.04361951220051985,-0.03263925191148065,-0.011322863275987416,0.06308322824711299,0.29528450432695963
Texas,TX,48,South,West South Central,2020,12601336.67,0.4309917460154593,0.0006959487525668,16.349313530572392,29238.0,1782.7382,1810.6702,12982.203,590.843,4.551176714768672,626644.0,21.43251932416718,351.5064634840943,0.3583677325740726,16.349313530572392,0.06959487525668,60973.32922908544,11.018191821791701,17.1909797910537,6.381550330676264,3.064909363199537,5.8622280993721105,444.0181612969423,3,0,-0.8061283243356674,0.0847223502310214,0.6884660830156334,0.6930497248617381,0.3907350572732832,-0.7713995227721484,0.6169878778746631,0.29528450432695963,5.93472396890692,4.0966322719365325,473.4403008245075,0.5082795502259995,-0.8304055983042257,0.778971109094375,0.29528450432695963,0.2784413598037162,0.3323339534905339,0.06308322824711299,-0.021993240333111785,0.45454444283213924,0.04968199990219002,-0.07249586953480947,-0.0944891098679217,-0.02603377908353871,0.3583677325740726
Texas,TX,48,South,West South Central,2021,11658220.0,0.3942183748689683,0.0005506917598124,16.27152215434739,29573.0,1905.5124,2117.0137,13721.691,654.185,4.767524644010712,664004.0,22.453048388732967,348.46480138360687,0.3323339534905339,16.27152215434739,0.055069175981240004,64434.193352044094,11.073399723858442,17.202372340859064,6.483390186073454,3.1114263906598856,5.853537224765718,463.99387955229435,4,0,-0.8061283243356674,0.0847223502310214,0.6884660830156334,0.6930497248617381,0.37664371033891053,-0.7433146073026643,0.7269639517052218,0.3583677325740726,5.8622280993721105,4.551176714768672,444.0181612969423,0.3907350572732832,-0.7713995227721484,0.6169878778746631,0.3583677325740726,0.29528450432695963,1.1313678585336924,-0.02603377908353871,0.055207902066740644,0.2163479292420405,0.10183985539719043,-0.008690874606392285,0.04651702746034836,0.7990339050431585,0.3323339534905339
Texas,TX,48,South,West South Central,2022,63244602.0,2.0998938176505746,0.0025533739873241,17.962520353868015,30118.0,1975.164,2476.9032,13835.706,756.037,5.464390469123874,667641.0,22.167507802642938,338.0180076186079,1.1313678585336924,17.962520353868015,0.25533739873240996,65580.84866192975,11.091038991179953,17.2206335576289,6.628090316780864,3.09862760425766,5.823099171041981,459.38329238329237,5,1,-0.8061283243356674,0.0847223502310214,0.6884660830156334,0.6930497248617381,0.3272915801502195,-0.6528519074263934,0.7015804201386142,0.3323339534905339,5.853537224765718,4.767524644010712,463.99387955229435,0.37664371033891053,-0.7433146073026643,0.7269639517052218,0.3323339534905339,0.3583677325740726,1.6325817466918302,0.7990339050431585,0.017639267321511554,0.6968658251131616,0.1447001307074096,-0.030438053723737646,-0.012798786402225648,0.5012138881581378,1.1313678585336924
Texas,TX,48,South,West South Central,2023,126472232.0,4.1170686545786,0.0047956328242855,18.65553334006148,30719.0,2137.5367,2637.2376,14149.656,796.456,5.628801152480315,672456.0,21.89055633321397,314.59389679718714,1.6325817466918302,18.65553334006148,0.47956328242855,69583.53787558188,11.150283293569993,17.24039191363058,6.680171886141865,3.08605532615992,5.751282590554202,460.6157752531007,6,1,-0.8061283243356674,0.0847223502310214,0.6884660830156334,0.6930497248617381,0.2108484835544806,-0.6315091556814486,0.7083658395839763,1.1313678585336924,5.823099171041981,5.464390469123874,459.38329238329237,0.3272915801502195,-0.6528519074263934,0.7015804201386142,1.1313678585336924,0.3323339534905339,3.9036389490063392,0.5012138881581378,0.05924430239003975,0.16441068335644093,0.05208156936100128,-0.07181658048777884,-0.012572278097739975,2.271057202314509,1.6325817466918302
Texas,TX,48,South,West South Central,2024,1521556870.55,48.58254958810945,0.054934487631122,21.142999905209376,31319.0,2221.9433,2769.7662,14536.89,844.256,5.8076796343647095,679932.0,21.70988856604617,306.00780857009266,3.9036389490063392,21.142999905209376,5.4934487631122,70945.53785242185,11.169667789171706,17.259735500096948,6.738455766140039,3.077767851037146,5.7236106198297145,464.15562438136595,7,1,-0.8061283243356674,0.0847223502310214,0.6884660830156334,0.6930497248617381,0.1659812685161058,-0.6082882861282556,0.7278544358938903,1.6325817466918302,5.751282590554202,5.628801152480315,460.6157752531007,0.2108484835544806,-0.6315091556814486,0.7083658395839763,1.6325817466918302,1.1313678585336924,,2.271057202314509,0.01938449560171307,0.1788784818843947,0.058283879998173305,-0.027671970724487238,-0.008287475122774168,,3.9036389490063392
Utah,UT,49,West,Mountain,2017,2486883.0,0.8011865335051547,0.0014452320209211,14.72654107915653,3104.0,172.075,172.075,801.222,34.373,4.290071915149609,58987.0,19.00354381443299,342.7981984599739,0.5884456330155737,14.72654107915653,0.14452320209211,55436.53350515464,10.922994104945593,14.948202160285247,3.5372713724759257,2.944625478323496,5.8371419313421775,258.1256443298969,0,0,-0.7598522862817311,-0.1046917019773895,-0.45424662752941686,0.08816683657362284,0.3500604516698666,-0.8052944911763711,-0.40644111272189376,,,,,,,,,,0.6391168048866149,,,,,,,0.0506711718710412,0.5884456330155737
Utah,UT,49,West,Mountain,2018,2823115.0,0.8948066561014263,0.0015112574188046,14.853351797429315,3155.0,182.106,186.8057,821.393,34.023,4.142109806146388,61197.0,19.396830427892237,336.05153042733355,0.6391168048866149,14.853351797429315,0.15112574188046,57719.80982567353,10.963355718108879,14.96449905395745,3.527036766501303,2.965109672715761,5.817264512571156,260.34643423137874,1,0,-0.7598522862817311,-0.1046917019773895,-0.45424662752941686,0.08816683657362284,0.3178312898480796,-0.8245019933632445,-0.3942145809373813,0.5884456330155737,5.8371419313421775,4.290071915149609,258.1256443298969,0.3500604516698666,-0.8052944911763711,-0.40644111272189376,0.5884456330155737,,0.7300599477446243,0.0506711718710412,0.040361613163286236,-0.14796210900322038,-0.010234605974622557,-0.01987741877102156,0.020484194392264676,0.09094314285800942,0.6391168048866149
Utah,UT,49,West,Mountain,2019,3443881.64,1.075205007805183,0.001710716807029,15.052110067294084,3203.0,192.7606,201.3122,833.627,34.539,4.143219929296916,61453.0,19.186075554167967,318.8047764947816,0.7300599477446243,15.052110067294084,0.1710716807029,60181.26756166094,11.005116412801383,14.979598428591295,3.542089120359637,2.954184784372364,5.764578929535255,260.26443958788633,2,0,-0.7598522862817311,-0.1046917019773895,-0.45424662752941686,0.08816683657362284,0.23240711073812886,-0.8243578842194569,-0.3946660014495832,0.6391168048866149,5.817264512571156,4.142109806146388,260.34643423137874,0.3178312898480796,-0.8245019933632445,-0.3942145809373813,0.6391168048866149,0.5884456330155737,0.6950616075323979,0.09094314285800942,0.04176069469250443,0.0011101231505277198,0.015052353858334033,-0.05268558303590076,-0.010924888343396777,-0.034998340212226475,0.7300599477446243
Utah,UT,49,West,Mountain,2020,3296586.0,1.0038325213154689,0.0015984183513907,15.00839824881472,3284.0,195.3232,206.2405,804.018,34.212,4.255128616523511,57309.0,17.450974421437273,293.4060060453648,0.6950616075323979,15.008398248814721,0.15984183513907,59477.222898903776,10.993348709822087,15.004572749554455,3.5325764597185354,2.8593954878594428,5.681557336001629,244.82886723507917,3,0,-0.7598522862817311,-0.1046917019773895,-0.45424662752941686,0.08816683657362284,0.09779625388992078,-0.8098306084924788,-0.4796463572490264,0.7300599477446243,5.764578929535255,4.143219929296916,260.26443958788633,0.23240711073812886,-0.8243578842194569,-0.3946660014495832,0.7300599477446243,0.6391168048866149,0.6661793047612479,-0.034998340212226475,-0.011767702979296857,0.1119086872265953,-0.009512660641101789,-0.08302159353362626,-0.09478929651292134,-0.028882302771150004,0.6950616075323979
Utah,UT,49,West,Mountain,2021,3162261.97,0.946785020958084,0.0013553273495859,14.966798459011375,3340.0,211.2895,233.3209,822.993,36.049,4.380231666611987,62111.0,18.596107784431137,293.9616024459332,0.6661793047612479,14.966798459011377,0.13553273495859,63260.32934131737,11.05501370300033,15.021481364952884,3.5848791240951776,2.922952299919905,5.683449154883849,246.40508982035928,4,0,-0.7598522862817311,-0.1046917019773895,-0.45424662752941686,0.08816683657362284,0.10086364093825724,-0.7935905242956076,-0.47096848298206656,0.6950616075323979,5.681557336001629,4.255128616523511,244.82886723507917,0.09779625388992078,-0.8098306084924788,-0.4796463572490264,0.6950616075323979,0.7300599477446243,1.098512303312247,-0.028882302771150004,0.06166499317824403,0.12510305008847578,0.052302664376642216,0.0018918188822203419,0.06355681206046215,0.43233299855099916,0.6661793047612479
Utah,UT,49,West,Mountain,2022,6786982.0,1.9997000589275191,0.002594922930164,15.730517070894193,3394.0,217.8488,261.5485,851.481,37.45,4.398219102951211,60220.0,17.743076016499707,276.4302580505378,1.098512303312247,15.730517070894193,0.2594922930164,64186.44667059517,11.069547356341058,15.037519724776308,3.6230067099632284,2.8759953562415532,5.621958557864769,250.87831467295226,5,1,-0.7598522862817311,-0.1046917019773895,-0.45424662752941686,0.08816683657362284,0.0011630497963426945,-0.7912555094384297,-0.4463411979773009,0.6661793047612479,5.683449154883849,4.380231666611987,246.40508982035928,0.10086364093825724,-0.7935905242956076,-0.47096848298206656,0.6661793047612479,0.6950616075323979,1.9492828257241448,0.43233299855099916,0.014533653340727426,0.01798743633922406,0.03812758586805076,-0.06149059701908044,-0.04695694367835168,0.8507705224118978,1.098512303312247
Utah,UT,49,West,Mountain,2023,20775564.0,6.023648593795303,0.0073352064817809,16.849288094485196,3449.0,226.3221,283.2308,847.097,39.788,4.696982754041154,54476.0,15.79472310814729,240.701195331786,1.9492828257241448,16.849288094485196,0.73352064817809,65619.62887793564,11.091630150874833,15.053594891918978,3.6835653592901676,2.759675903752007,5.483556310841449,245.60655262394897,6,1,-0.7598522862817311,-0.1046917019773895,-0.45424662752941686,0.08816683657362284,-0.22324176187449796,-0.752471907877685,-0.4753648198019122,1.098512303312247,5.621958557864769,4.398219102951211,250.87831467295226,0.0011630497963426945,-0.7912555094384297,-0.4463411979773009,1.098512303312247,0.6661793047612479,4.518205233581946,0.8507705224118978,0.02208279453377493,0.29876365108994296,0.06055864932693922,-0.13840224702332016,-0.11631945248954612,2.568922407857801,1.9492828257241448
Utah,UT,49,West,Mountain,2024,317620241.0,90.67092235226949,0.1060603273168413,19.57636701956324,3503.0,234.3006,299.4713,856.628,44.178,5.1571977567859095,55034.0,15.710533828147302,234.88629563902097,4.518205233581946,19.57636701956324,10.60603273168413,66885.69797316586,11.11074044109672,15.069130302179623,3.7882269276146348,2.754331431839632,5.459101548707186,244.541250356837,7,1,-0.7598522862817311,-0.1046917019773895,-0.45424662752941686,0.08816683657362284,-0.26289260865785824,-0.6927297162368545,-0.48122982847304613,1.9492828257241448,5.483556310841449,4.696982754041154,245.60655262394897,-0.22324176187449796,-0.752471907877685,-0.4753648198019122,1.9492828257241448,1.098512303312247,,2.568922407857801,0.019110290221886927,0.46021500274475535,0.10466156832446716,-0.024454762134262786,-0.005344471912374971,,4.518205233581946
Vermont,VT,50,Northeast,New England,2017,1588229.97,2.541167952,0.0048734856025922,14.278131357316088,625.0,32.5892,32.5892,129.119,30.206,23.39392343497084,5803.0,9.2848,178.0651258699201,1.2644566026742705,14.278131357316088,0.48734856025922,52142.72,10.86173985336887,13.345506928718539,3.40804058014415,2.228378654454207,5.182149359049611,206.5904,0,0,1.6865234299100562,-0.6796583110791111,-0.76062146706749,-1.3721313932980987,-0.7119417050317277,1.67464630121045,-0.6901677734031486,,,,,,,,,,1.3299198846266311,,,,,,,0.06546328195236062,1.2644566026742705
Vermont,VT,50,Northeast,New England,2018,1737962.8,2.78074048,0.0051906446930644,14.368224756052008,625.0,32.8278,33.4826,133.257,33.556,25.181416360866592,5832.0,9.3312,177.6543051925502,1.3299198846266311,14.368224756052008,0.5190644693064399,52524.48,10.8690346256166,13.345506928718539,3.513215684984048,2.233363623952093,5.1798395562997674,213.2112,1,0,1.6865234299100562,-0.6796583110791111,-0.76062146706749,-1.3721313932980987,-0.7156868093361987,1.9066872913967696,-0.6537170395516999,1.2644566026742705,5.182149359049611,23.39392343497084,206.5904,-0.7119417050317277,1.67464630121045,-0.6901677734031486,1.2644566026742705,,1.3750855423888433,0.06546328195236062,0.007294772247728787,1.7874929258957515,0.10517510483989811,-0.0023098027498438256,0.004984969497885849,0.04516565776221215,1.3299198846266311
Vermont,VT,50,Northeast,New England,2019,1844179.0,2.955415064102564,0.0053054173870766,14.427545292217614,624.0,33.339400000000005,34.7603,132.786,32.74,24.65621375747444,6005.0,9.623397435897436,180.11721866620272,1.3750855423888433,14.427545292217614,0.53054173870766,53428.52564102565,10.886100070354837,13.343905647351566,3.488597571942989,2.264197366144656,5.193607853754092,212.79807692307693,2,0,1.6865234299100562,-0.6796583110791111,-0.76062146706749,-1.3721313932980987,-0.693362950701553,1.8385088217793433,-0.6559914836256509,1.3299198846266311,5.1798395562997674,25.181416360866592,213.2112,-0.7156868093361987,1.9066872913967696,-0.6537170395516999,1.3299198846266311,1.2644566026742705,1.442466674614736,0.04516565776221215,0.0170654447382379,-0.5252026033921524,-0.024618113041058987,0.013768297454324951,0.030833742192563296,0.06738113222589281,1.3750855423888433
Vermont,VT,50,Northeast,New England,2020,2077610.0,3.231119751166408,0.0060094642242488,14.546729233887318,643.0,32.4087,34.572300000000006,112.651,20.605,18.29100496222848,5404.0,8.404354587869362,166.74534924264162,1.442466674614736,14.546729233887318,0.60094642242488,50402.33281493002,10.827792738998811,13.373900003219756,3.0255337647907807,2.12874997484247,5.116467793807932,175.1959564541213,3,0,1.6865234299100562,-0.6796583110791111,-0.76062146706749,-1.3721313932980987,-0.818437514133884,1.0122178025567683,-0.8630095004006648,1.3750855423888433,5.193607853754092,24.65621375747444,212.79807692307693,-0.693362950701553,1.8385088217793433,-0.6559914836256509,1.3750855423888433,1.3299198846266311,1.405952267819387,0.06738113222589281,-0.05830733135602628,-6.365208795245959,-0.4630638071522082,-0.07714005994616002,-0.1354473913021863,-0.03651440679534912,1.442466674614736
Vermont,VT,50,Northeast,New England,2021,1992378.0,3.0794095826893355,0.0053428137771246,14.50483996007352,647.0,33.584300000000006,37.2908,115.539,21.428,18.546118626610927,5549.0,8.576506955177743,165.22601334552155,1.405952267819387,14.50483996007352,0.53428137771246,51907.72797527049,10.857222959326908,13.380101573483037,3.064698478018714,2.1490267158250007,5.107314314462367,178.57650695517773,4,0,1.6865234299100562,-0.6796583110791111,-0.76062146706749,-1.3721313932980987,-0.833278926414773,1.0453350397976924,-0.8443979207448242,1.442466674614736,5.116467793807932,18.29100496222848,175.1959564541213,-0.818437514133884,1.0122178025567683,-0.8630095004006648,1.442466674614736,1.3750855423888433,2.0439878541517595,-0.03651440679534912,0.029430220328096723,0.25511366438244565,0.039164713227933134,-0.00915347934556543,0.02027674098253085,0.6380355863323726,1.405952267819387
Vermont,VT,50,Northeast,New England,2022,4355427.97,6.721339459876543,0.0105685541066506,15.28693366399193,648.0,34.9159,41.2112,116.256,22.069,18.983106248279658,5513.0,8.507716049382717,157.89368167511077,2.0439878541517595,15.28693366399193,1.05685541066506,53882.56172839506,10.894562174464506,13.381645975334411,3.094173908866023,2.140973522237409,5.0619219057371785,179.40740740740742,5,1,1.6865234299100562,-0.6796583110791111,-0.76062146706749,-1.3721313932980987,-0.9068779838747678,1.1020620002025086,-0.8398234084137959,1.405952267819387,5.107314314462367,18.546118626610927,178.57650695517773,-0.833278926414773,1.0453350397976924,-0.8443979207448242,1.405952267819387,1.442466674614736,3.097460888643813,0.6380355863323726,0.03733921513759775,0.43698762166873095,0.02947543084730908,-0.04539240872518846,-0.0080531935875916,1.0534730344920535,2.0439878541517595
Vermont,VT,50,Northeast,New England,2023,13699795.49,21.14165970679012,0.0311843763714501,16.432891535943494,648.0,35.4994,43.9316,112.979,22.26,19.702776622204127,5420.0,8.364197530864198,152.6786368220308,3.097460888643813,16.432891535943494,3.1184376371450098,54783.02469135803,10.911135656542088,13.381645975334411,3.102791345847399,2.1239603980814175,5.028335299503603,174.35030864197532,6,1,1.6865234299100562,-0.6796583110791111,-0.76062146706749,-1.3721313932980987,-0.9613351636432317,1.1954850419130143,-0.8676652041422963,2.0439878541517595,5.0619219057371785,18.983106248279658,179.40740740740742,-0.9068779838747678,1.1020620002025086,-0.8398234084137959,2.0439878541517595,1.405952267819387,5.04249548316872,1.0534730344920535,0.01657348207758247,0.719670373924469,0.00861743698137607,-0.0335866062335759,-0.017013124155991655,1.9450345945249068,3.097460888643813
Vermont,VT,50,Northeast,New England,2024,99544815.0,153.85597372488408,0.2151106402657095,18.41611851278406,647.0,36.398900000000005,46.2761,114.172,21.46,18.796202221210105,5355.0,8.276661514683154,147.11983054432963,5.04249548316872,18.41611851278406,21.51106402657095,56257.95981452861,10.937702817869223,13.380101573483037,3.0661907372025525,2.1134396883809488,4.991247428476001,176.46367851622875,7,1,1.6865234299100562,-0.6796583110791111,-0.76062146706749,-1.3721313932980987,-1.0214692791812479,1.0777993052946133,-0.8560300720108195,3.097460888643813,5.028335299503603,19.702776622204127,174.35030864197532,-0.9613351636432317,1.1954850419130143,-0.8676652041422963,3.097460888643813,2.0439878541517595,,1.9450345945249068,0.02656716132713477,-0.9065744009940211,-0.03660060864484649,-0.03708787102760169,-0.0105207097004687,,5.04249548316872
Virginia,VA,51,South,South Atlantic,2017,4786788.15,0.565079465234329,0.0009291717620997,15.381370421028976,8471.0,515.1672,515.1672,2362.642,159.211,6.738684912906823,105087.0,12.40550112147326,203.9862009848453,0.44793659921059176,15.381370421028976,0.09291717620996999,60815.39369613977,11.015598221699918,15.952159123413688,5.070230366500687,2.51814001306087,5.318052349325227,278.90945579034354,0,0,-0.4462910460339384,-0.5891861768029037,-0.3306877508037683,-0.20782182180834877,-0.49158917756759607,-0.4874310879978941,-0.2920160915819363,,,,,,,,,,0.49964170895589494,,,,,,,0.05170510974530318,0.44793659921059176
Virginia,VA,51,South,South Atlantic,2018,5516240.0,0.648130654447186,0.0010269300502291,15.523207208021397,8511.0,527.7675,537.1583,2454.026,171.314,6.980936632293219,109582.0,12.87533779814358,207.63309601292235,0.49964170895589494,15.523207208021395,0.10269300502291001,62010.045823052526,11.035051680305955,15.956870002459098,5.143498129953165,2.555313682954638,5.3357725606129565,288.33580072846905,1,0,-0.4462910460339384,-0.5891861768029037,-0.3306877508037683,-0.20782182180834877,-0.4628577027374196,-0.45598350684867717,-0.2401194642058543,0.44793659921059176,5.318052349325227,6.738684912906823,278.90945579034354,-0.49158917756759607,-0.4874310879978941,-0.2920160915819363,0.44793659921059176,,0.5203262418818172,0.05170510974530318,0.01945345860603709,0.24225171938639622,0.07326776345247765,0.01772021128772927,0.037173669893768135,0.02068453292592226,0.49964170895589494
Virginia,VA,51,South,South Atlantic,2019,5840807.0,0.6825764870865958,0.0010398412467255,15.580379701398462,8557.0,541.028,561.7018,2422.113,158.027,6.524344652788701,106407.0,12.435082388687624,196.6755879547824,0.5203262418818172,15.580379701398462,0.10398412467255,63226.36438003973,11.0544766510608,15.962260219400191,5.062765904503554,2.520521702781278,5.281555609684753,283.0563281523899,2,0,-0.4462910460339384,-0.5891861768029037,-0.3306877508037683,-0.20782182180834877,-0.5507648352015379,-0.5152553806001593,-0.26918553624347574,0.49964170895589494,5.3357725606129565,6.980936632293219,288.33580072846905,-0.4628577027374196,-0.45598350684867717,-0.2401194642058543,0.49964170895589494,0.44793659921059176,0.5816056110834738,0.02068453292592226,0.019424970754844395,-0.4565919795045188,-0.08073222544961123,-0.05421695092820311,-0.03479198017336005,0.06127936920165655,0.5203262418818172
Virginia,VA,51,South,South Atlantic,2020,6813802.0,0.7889084172745167,0.0012036360970603,15.734460965719665,8637.0,535.2244000000001,566.1015,2239.403,163.051,7.281003017322027,97810.0,11.324533981706612,182.74577915356625,0.5816056110834738,15.734460965719663,0.12036360970603,61968.78545791363,11.034386076892277,15.971565858262423,5.09406303530453,2.426971521004253,5.20809600207625,259.28018988074564,3,0,-0.4462910460339384,-0.5891861768029037,-0.3306877508037683,-0.20782182180834877,-0.6698719289470789,-0.41703079263369813,-0.4000847762378794,0.5203262418818172,5.281555609684753,6.524344652788701,283.0563281523899,-0.5507648352015379,-0.5152553806001593,-0.26918553624347574,0.5203262418818172,0.49964170895589494,0.5549495567254565,0.06127936920165655,-0.020090574168522224,0.756658364533326,0.031297130800976625,-0.07345960760850367,-0.09355018177702501,-0.02665605435801721,0.5816056110834738
Virginia,VA,51,South,South Atlantic,2021,6424448.0,0.74185311778291,0.0010426118396677,15.6756214263132,8660.0,565.7906999999999,616.1879,2388.472,174.602,7.310196644549317,98135.0,11.331986143187066,173.44753103930483,0.5549495567254565,15.675621426313201,0.10426118396677,65333.799076212454,11.087264778236673,15.974225280538619,5.1625090980936195,2.4276293591636984,5.155875138891299,275.80508083140876,4,0,-0.4462910460339384,-0.5891861768029037,-0.3306877508037683,-0.20782182180834877,-0.7545426132773195,-0.41324106117752685,-0.3091071901505736,0.5816056110834738,5.20809600207625,7.281003017322027,259.28018988074564,-0.6698719289470789,-0.41703079263369813,-0.4000847762378794,0.5816056110834738,0.5203262418818172,1.0665410939630853,-0.02665605435801721,0.05287870134439565,0.029193627227290797,0.06844606278908927,-0.05222086318495034,0.000657838159445312,0.5115915372376287,0.5549495567254565
Virginia,VA,51,South,South Atlantic,2022,16540021.25,1.9053128959797256,0.0024848869415452,16.621293592782614,8681.0,579.3018000000001,665.6247,2453.014,189.319,7.717811639069323,96374.0,11.101716392120723,166.3623347968192,1.0665410939630853,16.621293592782614,0.24848869415452,66732.15067388551,11.108442134868561,15.976647287373945,5.24343342296198,2.4070997262851006,5.114168149380815,282.57274507545213,5,1,-0.4462910460339384,-0.5891861768029037,-0.3306877508037683,-0.20782182180834877,-0.8221661477773125,-0.36032706886294713,-0.2718478969902922,0.5549495567254565,5.155875138891299,7.310196644549317,275.80508083140876,-0.7545426132773195,-0.41324106117752685,-0.3091071901505736,0.5549495567254565,0.5816056110834738,1.833431442496461,0.5115915372376287,0.021177356631888244,0.4076149945200056,0.08092432486836021,-0.04170698951048468,-0.02052963287859777,0.7668903485333758,1.0665410939630853
Virginia,VA,51,South,South Atlantic,2023,45889407.31,5.255314625515346,0.0063491252247956,17.641744892629145,8732.0,599.261,722.7674000000001,2447.496,187.921,7.6780922216011795,95217.0,10.904374713696749,158.8907003793005,1.833431442496461,17.641744892629145,0.63491252247956,68628.14933577646,11.13645806971914,15.982504996651972,5.236021661749866,2.389164058596214,5.068216546841348,280.2904260192396,6,1,-0.4462910460339384,-0.5891861768029037,-0.3306877508037683,-0.20782182180834877,-0.8966718796972928,-0.3654831916231607,-0.28441317678761174,1.0665410939630853,5.114168149380815,7.717811639069323,282.57274507545213,-0.8221661477773125,-0.36032706886294713,-0.2718478969902922,1.0665410939630853,0.5549495567254565,4.395805028319054,0.7668903485333758,0.028015934850579072,-0.03971941746814345,-0.007411761212114065,-0.04595160253946684,-0.017935667688886436,2.562373585822593,1.833431442496461
Virginia,VA,51,South,South Atlantic,2024,706569320.24,80.10990025396825,0.092758037025533,20.37593187451115,8820.0,613.7086999999999,761.7338000000001,2471.179,192.177,7.776733292084466,99238.0,11.251473922902496,161.7021234993084,4.395805028319054,20.37593187451115,9.275803702553299,69581.48526077096,11.150253794565648,15.992532427982974,5.258416822361996,2.420499135437776,5.0857558988364024,280.17902494331065,7,1,-0.4462910460339384,-0.5891861768029037,-0.3306877508037683,-0.20782182180834877,-0.8682336493511075,-0.3526782337201747,-0.28502649405583474,1.833431442496461,5.068216546841348,7.6780922216011795,280.2904260192396,-0.8966718796972928,-0.3654831916231607,-0.28441317678761174,1.833431442496461,1.0665410939630853,,2.562373585822593,0.01379572484650815,0.09864107048328652,0.022395160612130205,0.01753935199505463,0.03133507684156189,,4.395805028319054
Washington,WA,53,West,Pacific,2017,5261814.68,0.7083756973613354,0.0009981259686165,15.47598671146259,7428.0,527.1694,527.1694,1635.888,449.455,27.47468041821934,78900.0,10.621970920840065,149.66726065663144,0.5355430345043014,15.47598671146259,0.09981259686165,70970.57081313948,11.170020574506825,15.820767201454734,6.108035737665506,2.362924584361369,5.008414567818818,220.23263327948303,0,0,2.209091602989775,-0.7787751672798384,-0.6795189694216631,-1.60935459315065,-0.9936345528382368,2.204384280804527,-0.6150606240541557,,,,,,,,,,0.5850517236573826,,,,,,,0.049508689153081153,0.5355430345043014
Washington,WA,53,West,Pacific,2018,5984596.0,0.7950838315397901,0.0010493072701826,15.60469955970293,7527.0,561.7856999999999,570.3378,1627.512,448.489,27.55672462015641,78413.0,10.417563438288829,139.5781345092978,0.5850517236573826,15.60469955970293,0.10493072701825999,74636.0701474691,11.220379183377744,15.83400711401667,6.105884154999639,2.3434931738844904,4.93862454847102,216.22319649262656,1,0,2.209091602989775,-0.7787751672798384,-0.6795189694216631,-1.60935459315065,-1.1067917918649135,2.215034738538218,-0.6371345295054476,0.5355430345043014,5.008414567818818,27.47468041821934,220.23263327948303,-0.9936345528382368,2.204384280804527,-0.6150606240541557,0.5355430345043014,,0.5986176783483953,0.049508689153081153,0.05035860887091914,0.08204420193706952,-0.0021515826658662363,-0.06979001934779827,-0.019431410476878686,0.013565954691012738,0.5850517236573826
Washington,WA,53,West,Pacific,2019,6240448.0,0.8196017861833464,0.0010253044722081,15.646562692885167,7614.0,588.7944,608.6434,1702.54,396.217,23.272111081090603,84033.0,11.036643026004729,142.7204470694694,0.5986176783483953,15.646562692885169,0.10253044722080999,77330.4964539007,11.255843677521703,15.84549921592458,5.981962040966358,2.401220920877703,4.960887801320273,223.6065143157342,2,0,2.209091602989775,-0.7787751672798384,-0.6795189694216631,-1.60935459315065,-1.0706942488678322,1.658833394316213,-0.5964857630556599,0.5850517236573826,4.93862454847102,27.55672462015641,216.22319649262656,-1.1067917918649135,2.215034738538218,-0.6371345295054476,0.5850517236573826,0.5355430345043014,0.6431646510558419,0.013565954691012738,0.0354644941439588,-4.2846135390658056,-0.1239221140332818,0.022263252849253234,0.05772774699321248,0.044546972707446564,0.5986176783483953
Washington,WA,53,West,Pacific,2020,6973556.35,0.9024920861912772,0.0011288837552941,15.757636032737892,7727.0,587.1678,617.7391,1419.802,406.248,28.61300378503482,68293.0,8.838229584573574,116.3091709048078,0.6431646510558419,15.757636032737892,0.11288837552941,75989.10314481688,11.238345229315158,15.86023124691572,6.006963810554906,2.1790865833539055,4.756251912003021,183.7455674906173,3,0,2.209091602989775,-0.7787751672798384,-0.6795189694216631,-1.60935459315065,-1.4024900050132891,2.352154197743205,-0.815939720853673,0.5986176783483953,4.960887801320273,23.272111081090603,223.6065143157342,-1.0706942488678322,1.658833394316213,-0.5964857630556599,0.5986176783483953,0.5850517236573826,0.5477800082194625,0.044546972707446564,-0.017498448206545447,5.340892703944217,0.02500176958854805,-0.20463588931725152,-0.2221343375237974,-0.09538464283637937,0.6431646510558419
Washington,WA,53,West,Pacific,2021,5648547.0,0.7294094783057852,0.0008265759101624,15.546909078944298,7744.0,626.1221999999999,683.367,1525.776,394.049,25.826136995207683,73571.0,9.500387396694215,117.50262169269834,0.5477800082194625,15.546909078944298,0.08265759101624,80852.55681818181,11.300382488725154,15.86242890793855,5.976475267047422,2.2513325763744616,4.7664606456135825,197.02685950413223,4,0,2.209091602989775,-0.7787751672798384,-0.6795189694216631,-1.60935459315065,-1.3859376079782195,1.990380833462728,-0.7428197292532616,0.6431646510558419,4.756251912003021,28.61300378503482,183.7455674906173,-1.4024900050132891,2.352154197743205,-0.815939720853673,0.6431646510558419,0.5986176783483953,0.9916642039228173,-0.09538464283637937,0.062037259409995826,-2.786866789827137,-0.030488543507483534,0.010208733610561183,0.07224599302055612,0.4438841957033548,0.5477800082194625
Washington,WA,53,West,Pacific,2022,13204548.0,1.6957169641710543,0.0017819835498597,16.39607194940047,7787.0,643.0176,741.0028000000001,1571.958,423.991,26.97215828921637,74963.0,9.62668550147682,116.58001273993122,0.9916642039228173,16.39607194940047,0.17819835498597,82575.78014639784,11.321471697945489,15.867966234559123,6.04971222859158,2.2645389818792023,4.7585778418979885,201.86952613329908,5,1,2.209091602989775,-0.7787751672798384,-0.6795189694216631,-1.60935459315065,-1.3987187522246567,2.139150046467094,-0.7161584870421914,0.5477800082194625,4.7664606456135825,25.826136995207683,197.02685950413223,-1.3859376079782195,1.990380833462728,-0.7428197292532616,0.5477800082194625,0.6431646510558419,1.8572510258457335,0.4438841957033548,0.021089209220335192,1.146021294008687,0.07323696154415771,-0.007882803715594022,0.013206405504740726,0.8655868219229162,0.9916642039228173
Washington,WA,53,West,Pacific,2023,42378436.2,5.40610233448144,0.0052876842444777,17.562150234239645,7839.0,670.9778,801.4555,1598.228,371.479,23.243179321098115,75675.0,9.653654802908534,112.78316510620768,1.8572510258457335,17.562150234239645,0.5287684244477701,85594.8207679551,11.357380055252076,15.87462183317086,5.9174923349692214,2.267336579701197,4.725467082413395,203.88161755325933,6,1,2.209091602989775,-0.7787751672798384,-0.6795189694216631,-1.60935459315065,-1.452404396108507,1.655077656802944,-0.7050809422086736,0.9916642039228173,4.7585778418979885,26.97215828921637,201.86952613329908,-1.3987187522246567,2.139150046467094,-0.7161584870421914,0.9916642039228173,0.5477800082194625,4.349546635757041,0.8655868219229162,0.035908357306587035,-3.7289789681182555,-0.13221989362235842,-0.03311075948459319,0.002797597821994735,2.4922956099113076,1.8572510258457335
Washington,WA,53,West,Pacific,2024,606042838.54,76.44334492179615,0.0707982721933389,20.22246123384524,7928.0,702.2323,856.0136,1606.278,383.862,23.897606765454054,73808.0,9.30978809283552,105.10482072670254,4.349546635757041,20.222461233845237,7.07982721933389,88576.22351160445,11.391618742921978,15.885911354991961,5.950283112997056,2.2310663297877777,4.654958144830074,202.6082240161453,7,1,2.209091602989775,-0.7787751672798384,-0.6795189694216631,-1.60935459315065,-1.566727286088973,1.7400312753563474,-0.7120915948351687,1.8572510258457335,4.725467082413395,23.243179321098115,203.88161755325933,-1.452404396108507,1.655077656802944,-0.7050809422086736,1.8572510258457335,0.9916642039228173,,2.4922956099113076,0.03423868766990168,0.6544274443559388,0.03279077802783448,-0.07050893758332144,-0.03627024991341932,,4.349546635757041
West Virginia,WV,54,South,South Atlantic,2017,3585253.0,1.9710021990104452,0.0047693741319952,15.092339880273146,1819.0,75.1724,75.1724,742.118,30.601,4.1234682355097165,90675.0,49.84881803188565,1206.227285546291,1.0888993366385424,15.092339880273146,0.47693741319952,41326.2231995602,10.629252521756557,14.413797457500259,3.421032688162926,3.9089947856329808,7.095252821840698,407.98130841121497,0,0,-0.7811869996339756,2.9089283719784755,0.4366389330955574,1.8109387630560865,2.389956071253149,-0.8269219237845041,0.41858742273609106,,,,,,,,,,1.172601957668618,,,,,,,0.08370262103007553,1.0888993366385424
West Virginia,WV,54,South,South Atlantic,2018,4028079.0,2.230387043189369,0.0050480786221572,15.208800393596553,1806.0,77.4065,79.7943,818.41,33.833,4.133991520142716,88967.0,49.26190476190476,1149.3479229780446,1.172601957668618,15.208800393596551,0.5048078622157199,42860.741971207084,10.665711580385123,14.406625012959068,3.52143665754845,3.8971510594621748,7.046950037041325,453.16168327796237,1,0,-0.7811869996339756,2.9089283719784755,0.4366389330955574,1.8109387630560865,2.3116381424679755,-0.8255558577425756,0.6673274269012208,1.0888993366385424,7.095252821840698,4.1234682355097165,407.98130841121497,2.389956071253149,-0.8269219237845041,0.41858742273609106,1.0888993366385424,,1.24206785737774,0.08370262103007553,0.0364590586285658,0.010523284632999896,0.10040396938552387,-0.04830278479937267,-0.01184372617080598,0.06946589970912198,1.172601957668618
West Virginia,WV,54,South,South Atlantic,2019,4420666.0,2.462766573816156,0.0055091398063866,15.301801147646248,1795.0,77.1622,80.24239999999999,817.772,31.899,3.900720494220882,85384.0,47.56768802228412,1106.5521719183746,1.24206785737774,15.301801147646247,0.55091398063866,42987.298050139274,10.668659956855437,14.400515579904516,3.462574661337059,3.8621537076714216,7.009004308780259,455.583286908078,2,0,-0.7811869996339756,2.9089283719784755,0.4366389330955574,1.8109387630560865,2.2501131008788553,-0.8558376222477727,0.6806595362256297,1.172601957668618,7.046950037041325,4.133991520142716,453.16168327796237,2.3116381424679755,-0.8255558577425756,0.6673274269012208,1.172601957668618,1.0888993366385424,1.2644848147599304,0.06946589970912198,0.002948376470314429,-0.23327102592183424,-0.05886199621139099,-0.037945728261066236,-0.03499735179075314,0.022416957382190406,1.24206785737774
West Virginia,WV,54,South,South Atlantic,2020,4553952.0,2.541267857142857,0.0058733009614826,15.331506204955287,1792.0,74.7296,77.5365,786.371,26.008,3.307344752031802,76822.0,42.869419642857146,1027.9996146105425,1.2644848147599304,15.331506204955287,0.5873300961482599,41701.78571428572,10.638299229754569,14.398842872517013,3.258404183001604,3.7581587429128667,6.935370071122572,438.82310267857144,3,0,-0.7811869996339756,2.9089283719784755,0.4366389330955574,1.8109387630560865,2.13072286271809,-0.9328658961924645,0.5883865458542259,1.24206785737774,7.009004308780259,3.900720494220882,455.583286908078,2.2501131008788553,-0.8558376222477727,0.6806595362256297,1.24206785737774,1.172601957668618,1.241587007645187,0.022416957382190406,-0.030360727100868345,-0.5933757421890804,-0.20417047833545476,-0.0736342376576875,-0.10399496475855496,-0.02289780711474343,1.2644848147599304
West Virginia,WV,54,South,South Atlantic,2021,4395528.0,2.461101903695409,0.0050419689190491,15.2960984459083,1786.0,76.2308,87.17880000000001,835.906,26.426,3.161360248640397,88305.0,49.44288913773797,1158.3900470675894,1.241587007645187,15.2960984459083,0.50419689190491,42682.41881298992,10.661542377028894,14.395489040418582,3.274348373992025,3.9008182486940273,7.054786429629408,468.0324748040314,4,0,-0.7811869996339756,2.9089283719784755,0.4366389330955574,1.8109387630560865,2.324344035910667,-0.9518166781665103,0.7491983887301721,1.2644848147599304,6.935370071122572,3.307344752031802,438.82310267857144,2.13072286271809,-0.9328658961924645,0.5883865458542259,1.2644848147599304,1.24206785737774,3.007966820926956,-0.02289780711474343,0.023243147274325082,-0.1459845033914049,0.015944190990420992,0.11941635850683596,0.1426595057811606,1.766379813281769,1.241587007645187
West Virginia,WV,54,South,South Atlantic,2022,34142748.0,19.24619391206313,0.0345490098063124,17.346060793471437,1774.0,77.54910000000001,98.8241,830.068,28.74,3.462366938612258,79189.0,44.63866967305524,1021.1466026040276,3.007966820926956,17.346060793471437,3.4549009806312396,43714.26155580609,10.685429679234094,14.388747441851661,3.358289880650879,3.7986005163981487,6.92868139512833,467.90755355129653,5,1,-0.7811869996339756,2.9089283719784755,0.4366389330955574,1.8109387630560865,2.119877872054303,-0.9127418995299595,0.7485106362930304,1.241587007645187,7.054786429629408,3.161360248640397,468.0324748040314,2.324344035910667,-0.9518166781665103,0.7491983887301721,1.241587007645187,1.2644848147599304,2.7688997228510863,1.766379813281769,0.023887302205199745,0.3010066899718611,0.0839415066588538,-0.12610503450107746,-0.1022177322958786,-0.23906709807586957,3.007966820926956
West Virginia,WV,54,South,South Atlantic,2023,26445720.0,14.941084745762712,0.0260600572133003,17.090604926243664,1770.0,80.36489999999999,101.4799,833.616,28.727,3.446071092685361,74743.0,42.22768361581921,930.0453307351844,2.7688997228510863,17.090604926243664,2.6060057213300296,45403.89830508474,10.723353246093952,14.386490104550012,3.3578374470725905,3.743076015815096,6.835233327685418,470.96949152542373,6,1,-0.7811869996339756,2.9089283719784755,0.4366389330955574,1.8109387630560865,1.9683615749814862,-0.9148573228527711,0.7653680985580973,3.007966820926956,6.92868139512833,3.462366938612258,467.90755355129653,2.119877872054303,-0.9127418995299595,0.7485106362930304,3.007966820926956,1.241587007645187,4.945643386159962,-0.23906709807586957,0.03792356685985787,-0.016295845926896924,-0.0004524335782885025,-0.09344806744291212,-0.05552450058305247,2.176743663308876,2.7688997228510863
West Virginia,WV,54,South,South Atlantic,2024,246604741.0,139.5612569326542,0.2316078979968086,19.323297378031125,1767.0,82.7165,106.4751,835.433,27.347,3.273392360608212,72278.0,40.90435766836446,873.8038964414598,4.945643386159962,19.323297378031125,23.16078979968086,46811.82795698925,10.75389118409755,14.384793751301833,3.3086068336377945,3.7112366018320873,6.77285597569881,472.79739671760046,7,1,-0.7811869996339756,2.9089283719784755,0.4366389330955574,1.8109387630560865,1.8672232031259914,-0.9372733802227441,0.7754316083553597,2.7688997228510863,6.835233327685418,3.446071092685361,470.96949152542373,1.9683615749814862,-0.9148573228527711,0.7653680985580973,2.7688997228510863,3.007966820926956,,2.176743663308876,0.030537938003599052,-0.172678732077149,-0.049230613434795956,-0.06237735198660843,-0.031839413983008935,,4.945643386159962
Wisconsin,WI,55,Midwest,East North Central,2017,9491831.6,1.6385001898843432,0.002948810451376,16.06594226047836,5793.0,321.8868,321.8868,1782.766,173.139,9.711818600982967,98328.0,16.973588814085964,305.47384981303986,0.9702106458303607,16.06594226047836,0.2948810451376,55564.785085447955,10.925304917807857,15.572160850078761,5.154094740098083,2.8316585367981926,5.72186417695461,307.7448644916278,0,0,-0.06556142991675502,-0.23496459643048437,-0.15926247032351942,-0.14422795686044654,0.16314959350424238,-0.10147773683049029,-0.1332630997881559,,,,,,,,,,1.0386502052218782,,,,,,,0.06843955939151758,0.9702106458303607
Wisconsin,WI,55,Midwest,East North Central,2018,10603752.83,1.8254007281804097,0.0031639364983978,16.17671863129699,5809.0,328.8324,335.1443,1862.142,179.416,9.63492580050286,100879.0,17.365983818213117,306.7793806206444,1.0386502052218782,16.17671863129699,0.31639364983978,56607.40230676536,10.94389503844499,15.57491899697467,5.189707131823988,2.854513339829492,5.726128859348775,320.5615424341539,1,0,-0.06556142991675502,-0.23496459643048437,-0.15926247032351942,-0.14422795686044654,0.1700643313071434,-0.11145947231213546,-0.06270103530308582,0.9702106458303607,5.72186417695461,9.711818600982967,307.7448644916278,0.16314959350424238,-0.10147773683049029,-0.1332630997881559,0.9702106458303607,,1.083335852482618,0.06843955939151758,0.018590120637133722,-0.07689280048010794,0.03561239172590458,0.00426468239416522,0.022854803031299387,0.04468564726073976,1.0386502052218782
Wisconsin,WI,55,Midwest,East North Central,2019,11385073.0,1.9545189699570813,0.0032818842305104,16.247813757239268,5825.0,333.2568,346.9066,1812.971,177.141,9.770757502464186,94685.0,16.254935622317596,284.1202340057277,1.083335852482618,16.247813757239268,0.32818842305104,57211.4678111588,10.954509643482284,15.577669557416039,5.176946025617846,2.788396593263104,5.6493975077450935,311.2396566523605,2,0,-0.06556142991675502,-0.23496459643048437,-0.15926247032351942,-0.14422795686044654,0.045652445834128114,-0.09382666260129169,-0.11402256406482994,1.0386502052218782,5.726128859348775,9.63492580050286,320.5615424341539,0.1700643313071434,-0.11145947231213546,-0.06270103530308582,1.0386502052218782,0.9702106458303607,1.1751288745333854,0.04468564726073976,0.0106146050372935,0.135831701961326,-0.012761106206141903,-0.07673135160368183,-0.06611674656638789,0.09179302205076745,1.083335852482618
Wisconsin,WI,55,Midwest,East North Central,2020,13200790.0,2.2385602848906223,0.0038297460624153,16.395787310003637,5897.0,324.0144,344.691,1660.363,146.557,8.826804740890996,86840.0,14.726131931490588,268.0127796789278,1.1751288745333854,16.395787310003637,0.38297460624153,54945.63337290147,10.91409949121292,15.58995430498264,4.987414431284004,2.689623597991724,5.591034664743079,281.56062404612516,3,0,-0.06556142991675502,-0.23496459643048437,-0.15926247032351942,-0.14422795686044654,-0.04897681831528394,-0.21636462082833774,-0.277420117003803,1.083335852482618,5.6493975077450935,9.770757502464186,311.2396566523605,0.045652445834128114,-0.09382666260129169,-0.11402256406482994,1.083335852482618,1.0386502052218782,1.1037717427982319,0.09179302205076745,-0.04041015226936473,-0.9439527615731897,-0.18953159433384137,-0.058362843002014664,-0.09877299527138028,-0.07135713173515357,1.1751288745333854
Wisconsin,WI,55,Midwest,East North Central,2021,11855279.0,2.015518361101666,0.0032128362456852,16.288283895929002,5882.0,334.8486,368.9973,1721.496,145.93,8.4769293684098,92471.0,15.721013260795647,276.157642588322,1.1037717427982319,16.288283895929002,0.32128362456852,56927.67766065964,10.949536928221097,15.587407398096078,4.983127054679654,2.754998241717427,5.620971871460605,292.67188031281876,4,0,-0.06556142991675502,-0.23496459643048437,-0.15926247032351942,-0.14422795686044654,-0.0004367593214042698,-0.26178322176163105,-0.21624723080689476,1.1751288745333854,5.591034664743079,8.826804740890996,281.56062404612516,-0.04897681831528394,-0.21636462082833774,-0.277420117003803,1.1751288745333854,1.083335852482618,1.7064617217764195,-0.07135713173515357,0.03543743700817714,-0.34987537248119516,-0.004287376604350079,0.029937206717526088,0.06537464372570323,0.6026899789781877,1.1037717427982319
Wisconsin,WI,55,Midwest,East North Central,2022,26619183.25,4.509433042520752,0.0065959222593932,17.097142726209253,5903.0,341.8752,403.5703,1770.418,158.579,8.95715023231802,90900.0,15.398949686600034,265.88649893294394,1.7064617217764195,17.097142726209253,0.65959222593932,57915.500592918856,10.9667403409088,15.590971254222826,5.066252891858927,2.734299304924881,5.583069521980355,299.918346603422,5,1,-0.06556142991675502,-0.23496459643048437,-0.15926247032351942,-0.14422795686044654,-0.061891466740748,-0.1994439961596318,-0.17635189880437652,1.1037717427982319,5.620971871460605,8.4769293684098,292.67188031281876,-0.0004367593214042698,-0.26178322176163105,-0.21624723080689476,1.1037717427982319,1.1751288745333854,2.5064067561002408,0.6026899789781877,0.01720341268770298,0.48022086390821883,0.08312583717927247,-0.03790234948024995,-0.020698936792546085,0.7999450343238212,1.7064617217764195
Wisconsin,WI,55,Midwest,East North Central,2023,66776513.09,11.26079478752108,0.0154606075632203,18.01686199120717,5930.0,347.1082,431.9139,1692.421,158.529,9.36699556434244,87747.0,14.797133220910624,252.79437362758927,2.5064067561002408,18.01686199120717,1.5460607563220299,58534.266441821244,10.977367612876954,15.595534770973908,5.065937541880911,2.694433460717729,5.53257640580505,285.39983136593594,6,1,-0.06556142991675502,-0.23496459643048437,-0.15926247032351942,-0.14422795686044654,-0.14376078945545834,-0.14624047558148434,-0.2562834078123221,1.7064617217764195,5.583069521980355,8.95715023231802,299.918346603422,-0.061891466740748,-0.1994439961596318,-0.17635189880437652,1.7064617217764195,1.1037717427982319,3.9732673488252974,0.7999450343238212,0.010627271968154162,0.4098453320244211,-0.0003153499780159663,-0.050493116175305275,-0.039865844207152,1.4668605927250566,2.5064067561002408
Wisconsin,WI,55,Midwest,East North Central,2024,310704806.36,52.15793291253987,0.0685430765415997,19.554353846918183,5957.0,354.3821,453.2986,1644.143,166.998,10.15714569839728,85124.0,14.289743159308376,240.20400578923147,3.9732673488252974,19.554353846918183,6.85430765415997,59490.028537854625,10.993563989890268,15.600077556610824,5.117981836297138,2.659542018323875,5.481488586397881,276.001846567064,7,1,-0.06556142991675502,-0.23496459643048437,-0.15926247032351942,-0.14422795686044654,-0.22659436144802803,-0.043668198597474,-0.3080238987867727,2.5064067561002408,5.53257640580505,9.36699556434244,285.39983136593594,-0.14376078945545834,-0.14624047558148434,-0.2562834078123221,2.5064067561002408,1.7064617217764195,,1.4668605927250566,0.01619637701331378,0.7901501340548389,0.05204429441622693,-0.051087819407168666,-0.034891442393854,,3.9732673488252974
Wyoming,WY,56,West,Mountain,2017,1297503.09,2.2370742931034484,0.0034489440275595,14.075953046233012,580.0,37.6203,37.6203,522.832,27.704,5.298834042292745,62770.0,108.22413793103448,1668.5140735188183,1.174669925902063,14.075953046233012,0.34489440275595,64862.58620689655,11.080026252746556,13.270783382522602,3.321576807100121,4.684204427771112,7.41968873298883,901.4344827586207,0,0,-0.6306735618398844,4.522444484644847,3.3701971043243097,3.7402764149864876,2.915995070664675,-0.6743433923196012,3.1352878707619785,,,,,,,,,,1.3361371360053007,,,,,,,0.16146721010323772,1.174669925902063
Wyoming,WY,56,West,Mountain,2018,1623701.0,2.8043195164076,0.0040987542440268,14.30021928532908,579.0,37.9772,39.6145,546.559,26.135,4.781734451358409,63811.0,110.20898100172712,1680.2449890987225,1.3361371360053007,14.300219285329081,0.40987542440268,65591.01899827288,11.091194060045632,13.269057756555132,3.263275412164885,4.70237839069144,7.426694888610082,943.9706390328151,1,0,-0.6306735618398844,4.522444484644847,3.3701971043243097,3.7402764149864876,2.927354821438509,-0.7414699802725104,3.3694701616353315,1.174669925902063,7.41968873298883,5.298834042292745,901.4344827586207,2.915995070664675,-0.6743433923196012,3.1352878707619785,1.174669925902063,,1.3032027213800852,0.16146721010323772,0.01116780729907596,-0.5170995909343361,-0.058301394935235784,0.007006155621251509,0.01817396292032747,-0.03293441462521551,1.3361371360053007
Wyoming,WY,56,West,Mountain,2019,1555019.0,2.6810672413793104,0.0038846825466218,14.256998965249094,580.0,38.5771,40.0295,534.437,27.656,5.174791416013487,59090.0,101.8793103448276,1531.7377407840402,1.3032027213800852,14.256998965249094,0.38846825466218,66512.24137931035,11.105141290595022,13.270783382522602,3.3198427026193236,4.623788880799255,7.334158148168507,921.4431034482759,2,0,-0.6306735618398844,4.522444484644847,3.3701971043243097,3.7402764149864876,2.777316146069849,-0.6904458190258366,3.2454450885443036,1.3361371360053007,7.426694888610082,4.781734451358409,943.9706390328151,2.927354821438509,-0.7414699802725104,3.3694701616353315,1.3361371360053007,1.174669925902063,1.433021858178065,-0.03293441462521551,0.013947230549389289,0.3930569646550781,0.056567290454438535,-0.09253674044157467,-0.0785895098921845,0.12981913679797974,1.3032027213800852
Wyoming,WY,56,West,Mountain,2020,1844597.83,3.1913457266435987,0.0049877316420921,14.427772375499698,578.0,36.4635,36.9827,483.972,28.935,5.978651657533907,55584.0,96.16608996539792,1524.3736887572502,1.433021858178065,14.427772375499698,0.49877316420921003,63085.64013840831,11.05224844954676,13.267329147654515,3.365051935025802,4.566076800368454,7.329338908785969,837.3217993079585,3,0,-0.6306735618398844,4.522444484644847,3.3701971043243097,3.7402764149864876,2.769502251936664,-0.5860937828798256,2.782316272018282,1.3032027213800852,7.334158148168507,5.174791416013487,921.4431034482759,2.777316146069849,-0.6904458190258366,3.2454450885443036,1.3032027213800852,1.3361371360053007,1.3539292325842713,0.12981913679797974,-0.052892841048262085,0.8038602415204199,0.04520923240647834,-0.004819239382538143,-0.057712080430801116,-0.0790926255937936,1.433021858178065
Wyoming,WY,56,West,Mountain,2021,1666115.0,2.872612068965517,0.00392853437584,14.32600572713616,580.0,37.1826,42.4106,481.378,37.734,7.838746265928231,54557.0,94.06379310344828,1467.2723263031633,1.3539292325842713,14.32600572713616,0.392853437584,64107.93103448276,11.068323364342044,13.270783382522602,3.6305615447894213,4.543973202127886,7.291160395750117,829.9620689655172,4,0,-0.6306735618398844,4.522444484644847,3.3701971043243097,3.7402764149864876,2.7075997741088322,-0.3446281029215341,2.741797366156338,1.433021858178065,7.329338908785969,5.978651657533907,837.3217993079585,2.769502251936664,-0.5860937828798256,2.782316272018282,1.433021858178065,1.3032027213800852,3.887701335198534,-0.0790926255937936,0.016074914795284556,1.8600946083943244,0.26550960976361937,-0.03817851303585229,-0.022103598240567734,2.5337721026142628,1.3539292325842713
Wyoming,WY,56,West,Mountain,2022,27818777.0,47.79858591065292,0.056119734761067,17.141221818261183,582.0,37.6906,49.5704,494.391,42.118,8.519168026926057,56368.0,96.85223367697594,1495.5453083792777,3.887701335198534,17.141221818261183,5.6119734761067,64760.481099656354,11.07845083672717,13.274225726713574,3.7404752027575867,4.573186452849581,7.310246174086686,849.4690721649484,5,1,-0.6306735618398844,4.522444484644847,3.3701971043243097,3.7402764149864876,2.7385453735143646,-0.2563000671128694,2.8491929349489045,1.3539292325842713,7.291160395750117,7.838746265928231,829.9620689655172,2.7075997741088322,-0.3446281029215341,2.741797366156338,1.3539292325842713,1.433021858178065,2.684855756296123,2.5337721026142628,0.010127472385125458,0.6804217609978256,0.10991365796816543,0.019085778336568993,0.02921325072169445,-1.2028455789024113,3.887701335198534
Wyoming,WY,56,West,Mountain,2023,7988811.0,13.65608717948718,0.0155575373757792,15.893552620830295,585.0,39.8432,51.3501,500.326,38.541,7.703177528251579,54443.0,93.06495726495729,1366.4314111316362,2.684855756296123,15.893552620830297,1.5557537375779198,68108.03418803419,11.128850461508375,13.279367126213993,3.651722609717582,4.533297714554545,7.219957811010446,855.2581196581197,6,1,-0.6306735618398844,4.522444484644847,3.3701971043243097,3.7402764149864876,2.592152207594319,-0.3622267762774221,2.8810644654930955,3.887701335198534,7.310246174086686,8.519168026926057,849.4690721649484,2.7385453735143646,-0.2563000671128694,2.8491929349489045,3.887701335198534,1.3539292325842713,4.251097545501268,-1.2028455789024113,0.05039962478120508,-0.8159904986744779,-0.0887525930400046,-0.09028836307623944,-0.03988873829503525,1.566241789205145,2.684855756296123
Wyoming,WY,56,West,Mountain,2024,40610067.9,69.18239846678024,0.0788574100792068,17.519526596287488,587.0,39.7807,51.4981,507.065,40.827,8.051630461577904,50004.0,85.18568994889267,1256.991455655632,4.251097545501268,17.519526596287488,7.88574100792068,67769.50596252129,11.123867608189485,13.282780098810234,3.70934362724629,4.444833461382357,7.136476411157147,863.824531516184,7,1,-0.6306735618398844,4.522444484644847,3.3701971043243097,3.7402764149864876,2.4567958227450086,-0.3169928273699881,2.928226741758834,2.684855756296123,7.219957811010446,7.703177528251579,855.2581196581197,2.592152207594319,-0.3622267762774221,2.8810644654930955,2.684855756296123,3.887701335198534,,1.566241789205145,-0.004982853318889369,0.34845293332632554,0.05762101752870796,-0.08348139985329972,-0.0884642531721882,,4.251097545501268